published_utc,title,url,source,lang,company,ticker,event_type,confidence
20260820T074500Z,"Canadian Reviewer - Reviews , News and Opinion with a Canadian Perspective",https://www.canadianreviewer.com/cr/?currentPage=4911,,English,Apple Inc,AAPL,unknown,0.9
20260823T134500Z,"Nvidia Might Deliver Another  Beat and Raise  Quarter , But Its Financing Deals Could Be the Bigger Driver of NVDA Stock",https://finance.yahoo.com/markets/stocks/articles/nvidia-might-deliver-another-beat-134502581.html,,English,Microsoft Corporation,MSFT,unknown,0.9
20260825T081500Z,The Amazon faces a radioactive future,http://www.brazilsun.com/news/279263271/the-amazon-faces-a-radioactive-future,,English,Tesla,TSLA,unknown,0.9
20260825T063000Z,PG & E Expands V2X Program with Huge Incentives | auto connected car news,https://www.autoconnectedcar.com/2026/08/pge-expands-v2x-program-with-huge-incentives/,,English,Tesla,TSLA,unknown,0.9
20260825T054500Z,"JPMorgan , Morgan Stanley Fight Suits Over Role in Buyout Deals",https://www.claimsjournal.com/news/national/2026/08/25/339748.htm,,English,Tesla,TSLA,unknown,0.9
20260825T024500Z,Tesla ( TSLA ) Solar Roof Shutdown Raises Questions About its Energy Ambitions,https://www.insidermonkey.com/blog/tesla-tslas-solar-roof-shutdown-raises-questions-about-its-energy-ambitions-1822559/,,English,Tesla,TSLA,positive,0.9
20260824T230000Z,Fort Bend County commissioner return from boycott may be short - lived,https://abc13.com/post/fort-bend-county-commissioners-return-boycott-may-short-lived/19729519/,,English,Tesla,TSLA,unknown,0.9
20260824T221500Z,Forbes Asia 100 To Watch 2026,https://www.forbes.com/sites/ranawehbe/2026/08/24/forbes-asia-100-to-watch-2026/,,English,Tesla,TSLA,unknown,0.9
20260824T153000Z,Phone service stories at Techdirt . ,https://www.techdirt.com/tag/phone-service/,,English,Tesla,TSLA,unknown,0.9
20260824T130000Z,Chaos as 2 . 98m Teslas recalled over major issue,https://www.express.co.uk/life-style/cars/2241783/tesla-car-recall-check-news,,English,Tesla,TSLA,unknown,0.9
20260824T103000Z,The price of  all - of - the - above  | Factor This Brief,https://www.renewableenergyworld.com/energy-business/the-price-of-all-of-the-above-factor-this-brief/,,English,Tesla,TSLA,unknown,0.9
20260823T220000Z,"Across Nashville neighborhoods , parked Waymos are recording you | Chattanooga Times Free Press",https://www.timesfreepress.com/news/2026/aug/23/across-nashville-neighborhoods-parked-waymos-are/,,English,Tesla,TSLA,unknown,0.9
20260823T213000Z,Latest Articles,https://freerepublic.com/tag/*/index?more=4392851,,English,Tesla,TSLA,unknown,0.5
20260823T184500Z,TechCrunch Mobility : The custom chip driving Waymo robotaxi ambitions,https://techcrunch.com/2026/08/23/techcrunch-mobility-the-custom-chip-driving-waymos-robotaxi-ambitions/,,English,Tesla,TSLA,unknown,0.9
20260823T150000Z,SpaceX Stock : Boom or Bust ? | The Motley Fool,https://www.fool.com/investing/2026/08/23/spacex-stock-boom-or-bust/,,English,Tesla,TSLA,unknown,0.9
20260823T133000Z,Meta trial in Oakland poses big stakes for company | Technology,https://www.sfexaminer.com/news/technology/meta-trial-in-oakland-poses-big-stakes-for-company/article_4ba2c366-fd94-4c4e-b7d9-ba12f0dcb31e.html,,English,Tesla,TSLA,unknown,0.9
20260823T113000Z,Links 8 / 23 / 2026 | naked capitalism,https://www.nakedcapitalism.com/2026/08/Links-8-23-2026.html,,English,Tesla,TSLA,unknown,0.9
20260823T093000Z,"Greenleaf Trust Sells 1 , 851 Shares of Tesla , Inc . $TSLA",https://www.tickerreport.com/banking-finance/13554953/greenleaf-trust-sells-1851-shares-of-tesla-inc-tsla.html,,English,Tesla,TSLA,unknown,0.9
20260823T044500Z,Elon Musk Tesla gives up on its Solar Roof tiles as EV maker  leans into fossil fuel : Report,https://www.livemint.com/companies/news/elon-musk-s-tesla-gives-up-on-its-solar-roof-tiles-as-ev-maker-leans-into-fossil-fuels-report-11787448321014.html,,English,Tesla,TSLA,positive,0.9
20260822T220000Z,"In 2016 , Elon Musk launched a product using homes from the sets of Desperate Housewives ; 10 years later it is dead , with company telling ... ",https://timesofindia.indiatimes.com/technology/tech-news/in-2016-elon-musk-launched-a-product-using-homes-from-the-sets-of-desperate-housewives-10-years-later-it-is-dead-with-company-telling-/articleshow/133431033.cms,,English,Tesla,TSLA,unknown,0.9
20260822T171500Z,8 Experts Weigh In On The FCC Foreign Robot Ban : Good Or Bad ? ,https://finance.yahoo.com/technology/ai/articles/8-experts-weigh-fcc-foreign-164751607.html,,English,Tesla,TSLA,unknown,0.9
20260822T171500Z,8 Experts Weigh In On The FCC Foreign Robot Ban : Good Or Bad ? ,https://www.forbes.com/sites/johnkoetsier/2026/08/22/8-experts-weigh-in-on-the-fcc-foreign-robot-ban-good-or-bad/,,English,Tesla,TSLA,unknown,0.9
20260822T151500Z,CleanTechnica Evangelist Report Card - CleanTechnica,https://cleantechnica.com/2026/08/22/cleantechnica-evangelist-report-card/,,English,Tesla,TSLA,unknown,0.9
20260822T124500Z,Editorial : Trump sells access to social posts ; no investigators in sight,https://www.thetimes-tribune.com/2026/08/22/editorial-trump-is-selling-early-access-to-his-truth-social-posts-and-of-course-there-are-no-investigators-in-sight-2/,,English,Tesla,TSLA,unknown,0.9
20260822T123000Z,ICYMI : here the week 7 biggest tech news stories from the major GTA 6 leaks to Meta $1 . 4 trillion lawsuit,https://www.techradar.com/tech/icymi-heres-the-weeks-7-biggest-tech-news-stories-from-the-major-gta-6-leaks-to-metas-usd1-4-trillion-lawsuit,,English,Tesla,TSLA,negative,0.9
20260822T123000Z,I just did a full solar install instead of waiting for plug - in solar in the united kingdom here why,https://www.techradar.com/home/smart-home/i-just-did-a-full-solar-install-instead-of-waiting-for-plug-in-solar-in-the-uk-heres-why,,English,Tesla,TSLA,positive,0.9
20260822T111500Z,Editorial : Trump sells access to social posts ; no investigators in sight,https://www.republicanherald.com/2026/08/22/editorial-trump-is-selling-early-access-to-his-truth-social-posts-and-of-course-there-are-no-investigators-in-sight-2/,,English,Tesla,TSLA,unknown,0.9
20260822T103000Z,Gongloff : Trump is aiding a golden age for renewable energy,https://www.eastbaytimes.com/2026/08/22/mark-gongloff-trump-is-aiding-a-golden-age-for-renewable-energy-2/,,English,Tesla,TSLA,positive,0.9
20260822T101500Z,Editorial : Trump sells access to social posts ; no investigators in sight,https://www.citizensvoice.com/2026/08/22/editorial-trump-is-selling-early-access-to-his-truth-social-posts-and-of-course-there-are-no-investigators-in-sight-2/,,English,Tesla,TSLA,unknown,0.9
20260822T051500Z,Family visiting St . Louis for medical care awakened by volleys of gunfire outside a short - term rental,https://www.firstalert4.com/2026/08/22/family-visiting-st-louis-medical-care-awakened-by-volleys-gunfire-outside-short-term-rental/,,English,Tesla,TSLA,unknown,0.9
20260821T211500Z,Just because a Waymo is parked doesnt mean it stopped recording,https://nashvillebanner.com/2026/08/20/waymo-autonomous-vehicles-surveillance-data-retention/,,English,Tesla,TSLA,unknown,0.9
20260821T191500Z,Tesla and others begin record vehicle recall in China,https://tribune.com.pk/story/2625134/tesla-and-others-begin-record-vehicle-recall-in-china,,English,Tesla,TSLA,unknown,0.9
20260821T173000Z,Inside The $2 Billion Battery Factory Making Cells For Tesla And Toyota,https://insideevs.com:443/news/805633/lg-energy-solution-tesla-toyota-lfp-battery/,,English,Tesla,TSLA,unknown,0.9
20260821T161500Z,"US Foreign Power Inverter Ban Exempts Off - Grid ,  Non - Utility - Interactive  Products",https://www.pcmag.com/news/us-foreign-power-inverter-ban-exempts-off-grid-non-utility-interactive,,English,Tesla,TSLA,unknown,0.9
20260821T121500Z,Views from the nation press,https://www.reporterherald.com/2026/08/21/views-from-the-nations-press-619/,,English,Tesla,TSLA,unknown,0.9
20260821T121500Z,Harmony Energy energises Skeeby battery energy storage project in North Yorkshire,https://www.renewableenergymagazine.com/storage/harmony-energy-energises-skeeby-battery-energy-storage-20260821,,English,Tesla,TSLA,unknown,0.9
20260821T111500Z,Renewable Friday : Food Becoming Less Nutritious Due to CO2,https://www.dailykos.com/stories/2026/8/21/800087157/community/renewable-friday-food-becoming-less-nutritious-due-to-co2/,,English,Tesla,TSLA,positive,0.9
20260821T073000Z,Aptera Reveals The Secret To Building Its Solar EV : China,https://insideevs.com:443/news/805659/aptera-production-partner-china/,,English,Tesla,TSLA,positive,0.9
20260821T054500Z,"Renewable energy news : Harmony Energy , Island Green , Appalachian Power",https://greentechlead.com/energy-news/renewable-energy-news-harmony-energy-island-green-appalachian-power-54845,,English,Tesla,TSLA,positive,0.9
20260820T233000Z,Elon Musk Fails to Blow Up Moon ! A Sky Candy Special . ,https://pjmedia.com/charlie-martin/2026/08/20/elon-musk-fails-to-blow-up-moon-a-sky-candy-special-n4956362,,English,Tesla,TSLA,unknown,0.9
20260820T224500Z,Iron Range representatives hold press conference denouncing Walz exec . order,https://www.fox21online.com/news/local/iron-range-representatives-hold-press-conference-denouncing-walz-exec-order/article_75a60979-3e04-40b0-8184-ebf484c1f608.html,,English,Tesla,TSLA,unknown,0.9
20260820T183000Z,Mahle Introduces Range Extender For Electric Trucks,https://cleantechnica.com/2026/08/20/mahle-introduces-range-extender-for-electric-trucks/,,English,Tesla,TSLA,unknown,0.9
20260820T144500Z,Harmony Energy energises new 35MW / 70MWh BESS in North Yorkshire,https://www.solarpowerportal.co.uk/battery-storage/harmony-energy-energises-new-35mw-70mwh-bess-in-north-yorkshire,,English,Tesla,TSLA,unknown,0.9
20260820T134500Z,County paves the way for asphalt refinery reboot,https://www.santamariasun.com/news-2/county-paves-the-way-for-asphalt-refinerys-reboot/,,English,Tesla,TSLA,unknown,0.9
20260820T114500Z,$UWMC Securities : UWM Holdings Shareholders Who Lost Money After Hedging ... ,https://www.pr-inside.com/uwmc-securities-uwm-holdings-shareholders-who-lost-money-after-hedging-r5214322.htm,,English,Tesla,TSLA,unknown,0.9
20260820T103000Z,UK : Harmony Energy energises Skeeby battery energy storage project in North Yorkshire,https://www.energy-pedia.com/news/united-kingdom/harmony-energy-energises-skeeby-battery-energy-storage-project-in-north-yorkshire-205024,,English,Tesla,TSLA,unknown,0.9
20260820T053000Z,"Overnight News Digest : August 19 , 2026",https://www.dailykos.com/stories/2026/8/19/800086756/community/overnight-news-digest-august-19-2026/,,English,Tesla,TSLA,unknown,0.9
20260820T051500Z,"Hyundai Ionic 9 a versatile , spacious and handsome EV",https://www.thecharlottepost.com/news/2026/08/19/life-and-religion/hyundai-ionic-9-a-versatile-spacious-and-handsome-ev/,,English,Tesla,TSLA,unknown,0.9
20260820T044500Z,Geopolitical fractures and the Marxist critique of imperialism,https://links.org.au/geopolitical-fractures-and-marxist-critique-imperialism,,English,Tesla,TSLA,unknown,0.9
20260819T234500Z,Advanced manufacturing is expanding in Houston and it leading to hundreds of jobs,https://abc13.com/post/advanced-manufacturing-is-expanding-houston-leading-hundreds-jobs/19704796/,,English,Tesla,TSLA,unknown,0.9
20260819T214500Z,Tesla ( NASDAQ : TSLA ) Stock Price Up 4 . 2 % – Should You Buy ? ,https://www.tickerreport.com/banking-finance/13550317/tesla-nasdaqtsla-stock-price-up-4-2-should-you-buy.html,,English,Tesla,TSLA,unknown,0.9
20260819T211500Z,DA : 2 former school bus drivers accused of breaking into Parkland School District bus garage to face trial,https://www.wfmz.com/news/area/lehighvalley/lehigh-county/allentown-area/da-2-former-school-bus-drivers-accused-of-breaking-into-parkland-school-district-bus-garage/article_24ce22f2-66b1-4744-a538-779f911bb265.html,,English,Tesla,TSLA,unknown,0.9
20260819T173000Z,Famous Automaker Faces Fraud Lawsuit Over $1 Million Payoff,https://cleantechnica.com/2026/08/19/elon-musk-fraud-lawsuit-2024-elections-class-action/,,English,Tesla,TSLA,negative,0.9
20260819T170000Z,Futures Flat With All Eyes On Interest Rates And Oil,https://www.zerohedge.com/markets/futures-flat-all-eyes-interest-rates-and-oil,,English,Tesla,TSLA,unknown,0.9
20260819T150000Z,Bentley Torcal EV Interior Uses Wool And Wood,https://www.motor1.com:443/news/805445/bentley-torcal-ev-interior-uses/,,English,Tesla,TSLA,unknown,0.9
20260819T143000Z,Leap24 opens Heathrow ultra - rapid charging hub,https://fleetworld.co.uk/leap24-opens-heathrow-ultra-rapid-charging-hub/,,English,Tesla,TSLA,unknown,0.9
20260819T124500Z,From legendary turntables to cutting - edge DACs : 33 debut products that defined hi - fi history,https://www.whathifi.com/hi-fi/from-legendary-turntables-to-cutting-edge-dacs-33-debut-products-that-defined-hi-fi-history,,English,Tesla,TSLA,unknown,0.9
20260819T093000Z,Rivian CEO : Ive learned from Elon Musk mistakes and Tesla,https://www.autoexpress.co.uk/rivian/370247/rivian-ceo-ive-learned-elon-musks-mistakes-and-tesla,,English,Tesla,TSLA,unknown,0.9
20260819T044500Z,Letter : Businesses flee California to escape left ideology,https://www.unionleader.com/opinion/letters_to_editor/letter-businesses-flee-california-to-escape-lefts-ideology/article_dbad3767-46db-4a60-82a2-9f11077074ba.html,,English,Tesla,TSLA,unknown,0.9
20260819T031500Z,How US military funding propelled China robot dogs,https://kathmandupost.com/world/2026/08/19/how-us-military-funding-propelled-china-s-robot-dogs,,English,Tesla,TSLA,unknown,0.9
20260819T021500Z,CALIFORNIA GAS PRICES : The Golden State GOLDEN FLEECE . It TRUMP FAULT ! OR IS IT ? ,https://www.autospies.com/news/index.aspx?submissionid=131675,,English,Tesla,TSLA,unknown,0.9
20260819T001500Z,Filings show Amazon stake in electric trucking company that just struck a deal for 500 Tesla Semis – GeekWire,https://www.geekwire.com/2026/filings-show-amazons-stake-in-electric-trucking-company-that-just-struck-a-deal-for-500-tesla-semis/,,English,Tesla,TSLA,unknown,0.9
20260819T001500Z,  Profits won . The child safety trial against Meta kicks off in federal court,https://www.nhpr.org/national/2026-08-18/profits-won-the-child-safety-trial-against-meta-kicks-off-in-federal-court,,English,Tesla,TSLA,unknown,0.9
20260819T001500Z,Island Police Week of 8 - 20 - 26,https://www.mdislander.com/news/cops/island-police-week-of-8-20-26/article_d89a0803-831c-449c-bd3a-a5155068532a.html,,English,Tesla,TSLA,unknown,0.9
20260819T001500Z,  Profits won . The child safety trial against Meta kicks off in federal court,https://www.ijpr.org/npr-news/2026-08-18/profits-won-the-child-safety-trial-against-meta-kicks-off-in-federal-court,,English,Tesla,TSLA,unknown,0.9
20260818T233000Z,Memphis council passes temporary data center moratorium on first reading,https://www.yahoo.com/news/us/articles/memphis-council-passes-temporary-data-224821461.html,,English,Tesla,TSLA,unknown,0.9
20260818T224500Z,"Chief Minister Bhajan Lal Sharma Inaugurates and Lays Foundation Stones for Development Works Worth Nearly â ‚ ¹3 , 500 Crore",https://pressnote.in/chiefministerbhajanlalsharmainauguratesandlaysfoundationstonesfordeve_541782.html,,English,Tesla,TSLA,unknown,0.9
20260818T224500Z,  Profits won . The child safety trial against Meta kicks off in federal court,https://www.kalw.org/npr-news/2026-08-18/profits-won-the-child-safety-trial-against-meta-kicks-off-in-federal-court,,English,Tesla,TSLA,unknown,0.9
20260818T223000Z,  Profits won . The child safety trial against Meta kicks off in federal court,https://www.kwit.org/2026-08-18/profits-won-the-child-safety-trial-against-meta-kicks-off-in-federal-court,,English,Tesla,TSLA,unknown,0.9
20260818T223000Z,  Profits won . The child safety trial against Meta kicks off in federal court,https://www.wuft.org/2026-08-18/profits-won-the-child-safety-trial-against-meta-kicks-off-in-federal-court,,English,Tesla,TSLA,unknown,0.9
20260818T221500Z,  Profits won . The child safety trial against Meta kicks off in federal court,https://www.tspr.org/npr-news/2026-08-18/profits-won-the-child-safety-trial-against-meta-kicks-off-in-federal-court,,English,Tesla,TSLA,unknown,0.9
20260818T220000Z,  Profits won . The child safety trial against Meta kicks off in federal court,https://www.kuow.org/npr-news/2026-08-18/profits-won-the-child-safety-trial-against-meta-kicks-off-in-federal-court,,English,Tesla,TSLA,unknown,0.9
20260818T220000Z,  Profits won . The child safety trial against Meta kicks off in federal court,https://www.kgou.org/business-and-economy/2026-08-18/profits-won-the-child-safety-trial-against-meta-kicks-off-in-federal-court,,English,Tesla,TSLA,unknown,0.9
20260818T220000Z,Tesla ( TSLA ) Advances After Beating Key Metrics in Q1,https://finance.yahoo.com/markets/stocks/articles/tesla-tsla-advances-beating-key-133812996.html,,English,Tesla,TSLA,unknown,0.9
20260818T220000Z,  Profits won . The child safety trial against Meta kicks off in federal court,https://www.wknofm.org/news-from-npr/2026-08-18/profits-won-the-child-safety-trial-against-meta-kicks-off-in-federal-court,,English,Tesla,TSLA,unknown,0.9
20260818T220000Z,"Western Wildfires Continue To Disrupt Equestrian Activities , Displace Horses",https://chronofhorse.com/en/article/Western-Wildfires-Continue-To-Disrupt-Equestrian-Activities-Displace-Horses/,,English,Tesla,TSLA,unknown,0.9
20260818T220000Z,  Profits won . The child safety trial against Meta kicks off in federal court,https://www.ypradio.org/npr-news/2026-08-18/profits-won-the-child-safety-trial-against-meta-kicks-off-in-federal-court,,English,Tesla,TSLA,unknown,0.9
20260818T220000Z,  Profits won . The child safety trial against Meta kicks off in federal court,https://www.wrvo.org/2026-08-18/profits-won-the-child-safety-trial-against-meta-kicks-off-in-federal-court,,English,Tesla,TSLA,unknown,0.9
20260818T214500Z,  Profits won . The child safety trial against Meta kicks off in federal court,https://www.wvasfm.org/business/2026-08-18/profits-won-the-child-safety-trial-against-meta-kicks-off-in-federal-court,,English,Tesla,TSLA,unknown,0.9
20260818T214500Z,  Profits won . The child safety trial against Meta kicks off in federal court,https://www.northcountrypublicradio.org/news/npr/nx-s1-5935458/profits-won-the-child-safety-trial-against-meta-kicks-off-in-federal-court,,English,Tesla,TSLA,unknown,0.9
20260818T214500Z,  Profits won . The child safety trial against Meta kicks off in federal court,https://www.kclu.org/economy/2026-08-18/profits-won-the-child-safety-trial-against-meta-kicks-off-in-federal-court,,English,Tesla,TSLA,unknown,0.9
20260818T214500Z,  Profits won . The child safety trial against Meta kicks off in federal court,https://www.kjzz.org/npr-top-stories/2026-08-18/profits-won-the-child-safety-trial-against-meta-kicks-off-in-federal-court,,English,Tesla,TSLA,unknown,0.9
20260818T213000Z,  Profits won . The child safety trial against Meta kicks off in federal court,https://www.krcu.org/2026-08-18/profits-won-the-child-safety-trial-against-meta-kicks-off-in-federal-court,,English,Tesla,TSLA,unknown,0.9
20260818T213000Z,  Profits won . The child safety trial against Meta kicks off in federal court,https://www.kawc.org/npr-news/2026-08-18/profits-won-the-child-safety-trial-against-meta-kicks-off-in-federal-court,,English,Tesla,TSLA,unknown,0.9
20260818T213000Z,  Profits won . The child safety trial against Meta kicks off in federal court,https://www.wncw.org/2026-08-18/profits-won-the-child-safety-trial-against-meta-kicks-off-in-federal-court,,English,Tesla,TSLA,unknown,0.9
20260818T211500Z,  Profits won . The child safety trial against Meta kicks off in federal court,https://www.southcarolinapublicradio.org/news/2026-08-18/profits-won-the-child-safety-trial-against-meta-kicks-off-in-federal-court,,English,Tesla,TSLA,unknown,0.9
20260818T211500Z,  Profits won . The child safety trial against Meta kicks off in federal court,https://www.wvxu.org/news-from-npr/2026-08-18/profits-won-the-child-safety-trial-against-meta-kicks-off-in-federal-court,,English,Tesla,TSLA,unknown,0.9
20260818T210000Z,  Profits won . The child safety trial against Meta kicks off in federal court,https://www.wrkf.org/npr-news/2026-08-18/profits-won-the-child-safety-trial-against-meta-kicks-off-in-federal-court,,English,Tesla,TSLA,unknown,0.9
20260818T210000Z,  Profits won . The child safety trial against Meta kicks off in federal court,https://www.kenw.org/npr-news/2026-08-18/profits-won-the-child-safety-trial-against-meta-kicks-off-in-federal-court,,English,Tesla,TSLA,unknown,0.9
20260818T210000Z,  Profits won . The child safety trial against Meta kicks off in federal court,https://www.wnmufm.org/2026-08-18/profits-won-the-child-safety-trial-against-meta-kicks-off-in-federal-court,,English,Tesla,TSLA,unknown,0.9
20260818T204500Z,  Profits won . The child safety trial against Meta kicks off in federal court,https://www.ketr.org/2026-08-18/profits-won-the-child-safety-trial-against-meta-kicks-off-in-federal-court,,English,Tesla,TSLA,unknown,0.9
20260818T204500Z,  Profits won . The child safety trial against Meta kicks off in federal court,https://www.wxpr.org/2026-08-18/profits-won-the-child-safety-trial-against-meta-kicks-off-in-federal-court,,English,Tesla,TSLA,unknown,0.9
20260818T204500Z,  Profits won . The child safety trial against Meta kicks off in federal court,https://www.knau.org/npr-news/2026-08-18/profits-won-the-child-safety-trial-against-meta-kicks-off-in-federal-court,,English,Tesla,TSLA,unknown,0.9
20260818T201500Z,  Profits won . The child safety trial against Meta kicks off in federal court,https://www.apr.org/business-education/2026-08-18/profits-won-the-child-safety-trial-against-meta-kicks-off-in-federal-court,,English,Tesla,TSLA,unknown,0.9
20260818T201500Z,California Advances Autonomous Truck Testing | Heavy Duty Trucking,https://www.truckinginfo.com/news/autonomous-truck-testing-moves-ahead-in-california-as-teamsters-challenge-rules,,English,Tesla,TSLA,unknown,0.9
20260818T201500Z,Hyundai unifies vehicle V2X capabilities with AllDayEnergy entity,https://www.utilitydive.com/news/hyundai-unifies-vehicle-v2x-capabilities-with-alldayenergy-entity/828129/,,English,Tesla,TSLA,unknown,0.9
20260818T201500Z,  Profits won . The child safety trial against Meta kicks off in federal court,https://www.wsiu.org/economy/2026-08-18/profits-won-the-child-safety-trial-against-meta-kicks-off-in-federal-court,,English,Tesla,TSLA,unknown,0.9
20260818T200000Z,  Profits won . The child safety trial against Meta kicks off in federal court,https://www.wdiy.org/npr-news/2026-08-18/profits-won-the-child-safety-trial-against-meta-kicks-off-in-federal-court,,English,Tesla,TSLA,unknown,0.9
20260818T200000Z,  Profits won . The child safety trial against Meta kicks off in federal court,https://www.wkyufm.org/news/2026-08-18/profits-won-the-child-safety-trial-against-meta-kicks-off-in-federal-court,,English,Tesla,TSLA,unknown,0.9
20260818T200000Z,  Profits won . The child safety trial against Meta kicks off in federal court,https://www.wkms.org/npr-news/2026-08-18/profits-won-the-child-safety-trial-against-meta-kicks-off-in-federal-court,,English,Tesla,TSLA,unknown,0.9
20260818T200000Z,How US military funding propelled China robot dogs,https://www.militarytimes.com/industry/techwatch/2026/08/18/how-us-military-funding-propelled-chinas-robot-dogs/,,English,Tesla,TSLA,unknown,0.9
20260818T200000Z,  Profits won . The child safety trial against Meta kicks off in federal court,https://www.wmra.org/2026-08-18/profits-won-the-child-safety-trial-against-meta-kicks-off-in-federal-court,,English,Tesla,TSLA,unknown,0.9
20260818T200000Z,  Profits won . The child safety trial against Meta kicks off in federal court,https://www.wemu.org/npr-national-news/2026-08-18/profits-won-the-child-safety-trial-against-meta-kicks-off-in-federal-court,,English,Tesla,TSLA,unknown,0.9
20260818T200000Z,  Profits won . The child safety trial against Meta kicks off in federal court,https://www.kzyx.org/npr-news/2026-08-18/profits-won-the-child-safety-trial-against-meta-kicks-off-in-federal-court,,English,Tesla,TSLA,unknown,0.9
20260818T200000Z,  Profits won . The child safety trial against Meta kicks off in federal court,https://www.kmuw.org/2026-08-18/profits-won-the-child-safety-trial-against-meta-kicks-off-in-federal-court,,English,Tesla,TSLA,unknown,0.9
20260818T194500Z,Elon Musk faces judge wrath after $1 million voter payout found to be rigged,https://www.rawstory.com/elon-musk-voter-payout-rigged/,,English,Tesla,TSLA,unknown,0.9
20260818T194500Z,  Profits won . The child safety trial against Meta kicks off in federal court,https://www.wuky.org/npr-news/2026-08-18/profits-won-the-child-safety-trial-against-meta-kicks-off-in-federal-court,,English,Tesla,TSLA,unknown,0.9
20260818T194500Z,  Profits won . The child safety trial against Meta kicks off in federal court,https://www.kcbx.org/npr-top-news/2026-08-18/profits-won-the-child-safety-trial-against-meta-kicks-off-in-federal-court,,English,Tesla,TSLA,unknown,0.9
20260818T194500Z,  Profits won . The child safety trial against Meta kicks off in federal court,https://www.iowapublicradio.org/news-from-npr/2026-08-18/profits-won-the-child-safety-trial-against-meta-kicks-off-in-federal-court,,English,Tesla,TSLA,unknown,0.9
20260818T191500Z,  Profits won . The child safety trial against Meta kicks off in federal court,https://news.prairiepublic.org/news-from-npr/2026-08-18/profits-won-the-child-safety-trial-against-meta-kicks-off-in-federal-court,,English,Tesla,TSLA,unknown,0.9
20260818T191500Z,  Profits won . The child safety trial against Meta kicks off in federal court,https://wysu.org/npr-national-news/2026-08-18/profits-won-the-child-safety-trial-against-meta-kicks-off-in-federal-court,,English,Tesla,TSLA,unknown,0.9
20260818T191500Z,  Profits won . The child safety trial against Meta kicks off in federal court,https://www.wypr.org/2026-08-18/profits-won-the-child-safety-trial-against-meta-kicks-off-in-federal-court,,English,Tesla,TSLA,unknown,0.9
20260818T191500Z,  Profits won . The child safety trial against Meta kicks off in federal court,https://www.wfae.org/united-states-world/2026-08-18/profits-won-the-child-safety-trial-against-meta-kicks-off-in-federal-court,,English,Tesla,TSLA,unknown,0.9
20260818T191500Z,  Profits won . The child safety trial against Meta kicks off in federal court,https://www.kacu.org/2026-08-18/profits-won-the-child-safety-trial-against-meta-kicks-off-in-federal-court,,English,Tesla,TSLA,unknown,0.9
20260818T190000Z,  Profits won . The child safety trial against Meta kicks off in federal court,https://www.publicradiotulsa.org/npr-national-news/2026-08-18/profits-won-the-child-safety-trial-against-meta-kicks-off-in-federal-court,,English,Tesla,TSLA,unknown,0.9
20260818T190000Z,  Profits won . The child safety trial against Meta kicks off in federal court,https://www.interlochenpublicradio.org/2026-08-18/profits-won-the-child-safety-trial-against-meta-kicks-off-in-federal-court,,English,Tesla,TSLA,unknown,0.9
20260818T190000Z,  Profits won . The child safety trial against Meta kicks off in federal court,https://kansaspublicradio.org/npr-news/2026-08-18/profits-won-the-child-safety-trial-against-meta-kicks-off-in-federal-court,,English,Tesla,TSLA,unknown,0.9
20260818T190000Z,  Profits won . The child safety trial against Meta kicks off in federal court,https://www.kvpr.org/npr-news/2026-08-18/profits-won-the-child-safety-trial-against-meta-kicks-off-in-federal-court,,English,Tesla,TSLA,unknown,0.9
20260818T190000Z,  Profits won . The child safety trial against Meta kicks off in federal court,https://www.wutc.org/2026-08-18/profits-won-the-child-safety-trial-against-meta-kicks-off-in-federal-court,,English,Tesla,TSLA,unknown,0.9
20260818T184500Z,  Profits won . The child safety trial against Meta kicks off in federal court,https://www.klcc.org/npr-news/2026-08-18/profits-won-the-child-safety-trial-against-meta-kicks-off-in-federal-court,,English,Tesla,TSLA,unknown,0.9
20260818T184500Z,  Profits won . The child safety trial against Meta kicks off in federal court,https://www.kmxt.org/2026-08-18/profits-won-the-child-safety-trial-against-meta-kicks-off-in-federal-court,,English,Tesla,TSLA,unknown,0.9
20260818T184500Z,"What Next for Brewer , Maine Former Ruby Tuesday Building ? ",https://i95rocks.com/ixp/495/p/ruby-tuesday-brewer-maine/,,English,Tesla,TSLA,unknown,0.9
20260818T181500Z,  Profits won . The child safety trial against Meta kicks off in federal court,https://www.kvnf.org/npr-news/2026-08-18/profits-won-the-child-safety-trial-against-meta-kicks-off-in-federal-court,,English,Tesla,TSLA,unknown,0.9
20260818T181500Z,  Profits won . The child safety trial against Meta kicks off in federal court,https://www.kunm.org/npr-news/2026-08-18/profits-won-the-child-safety-trial-against-meta-kicks-off-in-federal-court,,English,Tesla,TSLA,unknown,0.9
20260818T181500Z,  Profits won . The child safety trial against Meta kicks off in federal court,https://www.kwbu.org/latest-from-npr/2026-08-18/profits-won-the-child-safety-trial-against-meta-kicks-off-in-federal-court,,English,Tesla,TSLA,unknown,0.9
20260818T180000Z,  Profits won . The child safety trial against Meta kicks off in federal court,https://www.wmuk.org/npr-news/2026-08-18/profits-won-the-child-safety-trial-against-meta-kicks-off-in-federal-court,,English,Tesla,TSLA,unknown,0.9
20260818T174500Z,"What Next for Brewer , Maine Former Ruby Tuesday Building ? ",https://q1065.fm/ixp/495/p/ruby-tuesday-brewer-maine/,,English,Tesla,TSLA,unknown,0.9
20260818T171500Z,How US military funding propelled China robot dogs,https://www.defensenews.com/industry/techwatch/2026/08/18/how-us-military-funding-propelled-chinas-robot-dogs/,,English,Tesla,TSLA,unknown,0.9
20260818T161500Z,Stellantis recalls 1 million cars globally over rearview cameras,https://driving.ca:443/auto-news/driver-info/stellantis-recall-rearview-camera-radio-defect-canada,,English,Tesla,TSLA,unknown,0.9
20260818T133000Z,The Modern Trail : Reading the Digital Evidence Left Behind by Today Vehicles,https://www.claimsjournal.com/sponsored/hodsonpi/2026/08/18/339450.htm,,English,Tesla,TSLA,unknown,0.9
20260818T104500Z,How U . S . military funding propelled China robot dogs,https://economictimes.indiatimes.com/news/defence/how-u-s-military-funding-propelled-chinas-robot-dogs/articleshow/133318607.cms,,English,Tesla,TSLA,unknown,0.9
20260818T094500Z,Home EV Charging Has A Hidden Cost . Here How To Reduce It And Lower Your Bill,https://insideevs.com:443/news/805275/home-ev-charging-losses-how-to-minimize/,,English,Tesla,TSLA,unknown,0.9
20260825T091500Z,"Xiaomi Mijia Smart Air Purifier 6 , Mijia Smart Air Purifier 4 Compact Launched in India",https://themobileindian.com/news/xiaomi-mijia-smart-air-purifier-6-mijia-smart-air-purifier-4-compact-launched-in-india,,English,Amazon,AMZN,unknown,0.9
20260825T084500Z,  Fantastic  solar security camera  doesnt need charging  beats Ring Doorbell price,https://www.cambridge-news.co.uk/solar-security-camera-beat-ring-34509679,,English,Amazon,AMZN,positive,0.9
20260825T081500Z,War film based on heroic real events  everyone should watch  on BBC tonight,https://www.mirror.co.uk/tv/tv-news/war-film-based-heroic-real-37578058,,English,Amazon,AMZN,unknown,0.9
20260825T081500Z,War film based on heroic real events  everyone should watch  on BBC tonight,https://www.aol.co.uk/articles/war-film-based-heroic-real-073332000.html,,English,Amazon,AMZN,unknown,0.9
20260825T081500Z,The Amazon faces a radioactive future,http://www.brazilsun.com/news/279263272/the-amazon-faces-a-radioactive-future,,English,Amazon,AMZN,unknown,0.9
20260825T070000Z,"Dow Jones Top Company Headlines at 1 AM ET : Hyundai Motor , Union Reach Wage Deal to End Walkouts | Visa ... ",https://www.morningstar.com/news/dow-jones/20260825305/dow-jones-top-company-headlines-at-1-am-et-hyundai-motor-union-reach-wage-deal-to-end-walkouts-visa,,English,Amazon,AMZN,unknown,0.9
20260825T070000Z,The Amazon faces a radioactive future,http://www.thailandnews.net/news/279263272/the-amazon-faces-a-radioactive-future,,English,Amazon,AMZN,unknown,0.9
20260825T054500Z,The Amazon faces a radioactive future,http://www.myanmarnews.net/news/279263272/the-amazon-faces-a-radioactive-future,,English,Amazon,AMZN,unknown,0.9
20260825T040000Z,The world inches toward catastrophic climate events :  Bigger shocks are on the way  ,https://www.wvgazettemail.com/ap/lifestyles/the-world-inches-toward-catastrophic-climate-events-bigger-shocks-are-on-the-way/article_21bed14d-d463-5329-a1c8-f68618568013.html,,English,Amazon,AMZN,unknown,0.9
20260825T040000Z,Chinese green technology powers Brazil sustainable development -- China Economic Net,http://en.ce.cn/main/latest/202608/t20260825_3169152.shtml,,English,Amazon,AMZN,unknown,0.9
20260825T034500Z,Insta360 Luna Ultra review : Is it better than DJI Pocket 4P ? ,https://www.cairnspost.com.au/technology/gadgets/insta360-challenges-dji-with-new-luna-ultra-and-aipowered-x6-cameras/news-story/023f6473a573cb3264f6990ee1fc6503?nk=03e101afa4c31ac264a497797aa19a6d-1787628687,,English,Amazon,AMZN,unknown,0.9
20260825T034500Z,Insta360 Luna Ultra review : Is it better than DJI Pocket 4P ? ,https://www.geelongadvertiser.com.au/technology/gadgets/insta360-challenges-dji-with-new-luna-ultra-and-aipowered-x6-cameras/news-story/023f6473a573cb3264f6990ee1fc6503?nk=d64d9b83655a38f0f88d68d1bac2d150-1787628685,,English,Amazon,AMZN,unknown,0.9
20260825T034500Z,The Amazon faces a radioactive future,http://www.malaysiasun.com/news/279263272/the-amazon-faces-a-radioactive-future,,English,Amazon,AMZN,unknown,0.9
20260824T233000Z,Labor Day fall clothing deals : What to buy now and what to wait on,https://www.wfmd.com/2026/08/24/labor-day-fall-clothing-deals-what-to-buy-now-and-what-to-wait-on/,,English,Amazon,AMZN,unknown,0.9
20260824T231500Z,Value Of Titan As Base For Humans In Saturn System - Surprisingly - Once There - Easier For Settlement Than Mars Or The Moon,http://science20.com/robert_walker/value_of_titan_as_base_for_humans_in_saturn_system_surprisingly_once_there_easier_for_settlement_than_mars_or_the,,English,Amazon,AMZN,unknown,0.9
20260824T231500Z,The Beginning of the End for Hollywood ? California AG Takes Hostile Action Against Paramount,https://redstate.com/kyle-becker/2026/08/24/california-ags-hostile-action-toward-paramount-signals-the-beginning-of-the-end-for-hollywood-n2206003,,English,Amazon,AMZN,unknown,0.9
20260824T230000Z,This YouTuber got kicked out of the Flock convention . So he ran his own surveillance . ,https://reason.com/2026/08/24/this-youtuber-got-kicked-out-of-the-flock-convention-so-he-ran-his-own-surveillance/,,English,Amazon,AMZN,unknown,0.9
20260824T230000Z,The Systemic  Redlining  of Free Speech Violating Foundational Civil Rights,https://patriotpost.us/alexander/77001-the-systemic-redlining-of-free-speech-violating-foundational-civil-rights-2021-01-14,,English,Amazon,AMZN,unknown,0.9
20260824T221500Z,Twitch Creator Sues Amazon Over AI Training After Streamers Were Automatically Opted In,https://www.ibtimes.co.uk/twitch-legal-battle-ai-training-opt-out-1816008,,English,Amazon,AMZN,unknown,0.9
20260824T221500Z,This YouTuber Got Kicked Out of the Flock Convention . So He Ran His Own Surveillance . ( opinion ) ,https://www.yahoo.com/news/us/articles/youtuber-got-kicked-flock-convention-210803241.html,,English,Amazon,AMZN,unknown,0.9
20260824T221500Z,The world inches toward catastrophic climate events :  Bigger shocks are on the way  ,https://www.independent.co.uk/news/world/americas/earth-scientists-people-new-york-american-b3038235.html,,English,Amazon,AMZN,unknown,0.9
20260824T214500Z,8 Best Sunscreen for Everyday Use 2026,https://www.sheknows.com/living/articles/1235072641/best-sunscreen-everyday-use/,,English,Amazon,AMZN,unknown,0.9
20260824T213000Z,Ryan Kaji : Building a $100 Million Creator Empire,https://everything-pr.com/ryan-kaji-the-kid-who-built-a-100-million-creator-empire-before-he-could-drive,,English,Amazon,AMZN,unknown,0.9
20260824T211500Z,10 Gadgets For Under $50 You Should Grab This Back - To - School Season,https://www.bgr.com/2242463/gadgets-under-50-back-to-school-season/,,English,Amazon,AMZN,unknown,0.9
20260824T211500Z,4 DIY Computer Boards More Powerful Than The Raspberry Pi 5,https://www.bgr.com/2240258/diy-computer-board-more-powerful-raspberry-pi-5/,,English,Amazon,AMZN,unknown,0.9
20260824T201500Z,American Backlash to Data Centers Is Scrambling Midterm Elections,https://www.moneytalksnews.com/americans-backlash-to-data-centers-is-scrambling-midterm-elections/,,English,Amazon,AMZN,unknown,0.9
20260824T201500Z,"AI companies are destroying more books than you think , says bookseller",https://www.fortmorgantimes.com/2026/08/24/ai-companies-are-destroying-more-books-than-you-think-says-bookseller/,,English,Amazon,AMZN,unknown,0.9
20260824T200000Z,"AI companies are destroying more books than you think , says bookseller",https://www.pilotonline.com/2026/08/24/ai-companies-are-destroying-more-books-than-you-think-says-bookseller/,,English,Amazon,AMZN,unknown,0.9
20260824T200000Z,"AI companies are destroying more books than you think , says bookseller",https://www.pottsmerc.com/2026/08/24/ai-companies-are-destroying-more-books-than-you-think-says-bookseller/,,English,Amazon,AMZN,unknown,0.9
20260824T194500Z,"AI companies are destroying more books than you think , says bookseller",https://www.greeleytribune.com/2026/08/24/ai-companies-are-destroying-more-books-than-you-think-says-bookseller/,,English,Amazon,AMZN,unknown,0.9
20260824T194500Z,A massive data center hub is likely heating up a town outside London,https://www.yahoo.com/news/science/articles/massive-data-center-hub-likely-163812733.html,,English,Amazon,AMZN,unknown,0.9
20260824T194500Z,"AI companies are destroying more books than you think , says bookseller",https://www.morningjournal.com/2026/08/24/ai-companies-are-destroying-more-books-than-you-think-says-bookseller/,,English,Amazon,AMZN,unknown,0.9
20260824T190000Z,This Blink security camera can last up to 2 years on one charge - and it on sale,https://www.zdnet.com/home-and-office/smart-home/blink-battery-doorbell-2k-and-outdoor-2k-security-camera-bundle-deal/,,English,Amazon,AMZN,unknown,0.9
20260824T181500Z,Class - action lawsuit filed against Twitch over Amazon AI training,https://www.shacknews.com/article/150454/twitch-amazon-ai-training-class-action-lawsuit,,English,Amazon,AMZN,negative,0.9
20260824T181500Z,The world inches toward catastrophic climate events :  Bigger shocks are on the way  ,https://www.dailykos.com/stories/2026/8/24/800088523/environment/the-world-inches-toward-catastrophic-climate-events-bigger-shocks-are-on-the-way/,,English,Amazon,AMZN,unknown,0.9
20260824T181500Z,"AI companies are destroying more books than you think , says bookseller",https://www.sentinelandenterprise.com/2026/08/24/ai-companies-are-destroying-more-books-than-you-think-says-bookseller/,,English,Amazon,AMZN,unknown,0.9
20260824T181500Z,TikTok Agrees to $400 Million Settlement in U . S . Child Privacy Case – NaturalNews . com,https://www.naturalnews.com/2026-08-24-tiktok-agrees-400m-settlement-us-child-privacy-case.html,,English,Amazon,AMZN,unknown,0.9
20260824T181500Z,Why Latin America wont abandon China despite Trump pressure campaign,https://www.latimes.com/business/story/2026-08-24/why-latin-america-wont-abandon-china-despite-trumps-pressure-campaign,,English,Amazon,AMZN,unknown,0.9
20260824T180000Z,"AI companies are destroying more books than you think , says bookseller",https://www.advocate-news.com/2026/08/24/ai-companies-are-destroying-more-books-than-you-think-says-bookseller/,,English,Amazon,AMZN,unknown,0.9
20260824T174500Z,The world inches toward catastrophic climate events :  Bigger shocks are on the way  ,http://www.bozemandailychronicle.com/wire/news/the-world-inches-toward-catastrophic-climate-events-bigger-shocks-are-on-the-way/article_2f4502e2-1865-5402-8203-c7222bd1a8b7.html,,English,Amazon,AMZN,unknown,0.9
20260824T170000Z,"  Even if discrimination isnt intentional , employers can still be on the hook for it  ",https://www.hrreporter.com/news/hr-news/even-if-discrimination-isnt-intentional-employers-can-still-be-on-the-hook-for-it/394809,,English,Amazon,AMZN,unknown,0.9
20260824T164500Z,Microplastics in the Amazon,https://news.mongabay.com/specials/2026/08/microplastics-in-the-amazon/,,English,Amazon,AMZN,unknown,0.9
20260824T164500Z,"AI companies are destroying more books than you think , says bookseller",https://www.lowellsun.com/2026/08/24/ai-companies-are-destroying-more-books-than-you-think-says-bookseller/,,English,Amazon,AMZN,unknown,0.9
20260824T164500Z,"AI companies are destroying more books than you think , says bookseller",https://www.orlandosentinel.com/2026/08/24/ai-companies-are-destroying-more-books-than-you-think-says-bookseller/,,English,Amazon,AMZN,unknown,0.9
20260824T164500Z,Renters Can Finally Try Home Solar Power Without Modifying Their Home,https://www.bgr.com/2240035/renters-home-solar-power-without-installation/,,English,Amazon,AMZN,positive,0.9
20260824T164500Z,Scientists warn a catastrophic climate  extreme of extremes  is becoming more likely,https://fortune.com/2026/08/24/climate-change-tipping-point/,,English,Amazon,AMZN,unknown,0.9
20260824T163000Z,"French investment in Kingdom worth $19b expands into AI , digital infrastructure , culture , mining",https://www.arabnews.com/node/2655717/saudi-arabia,,English,Amazon,AMZN,unknown,0.9
20260824T163000Z,"AI companies are destroying more books than you think , says bookseller",https://www.canoncitydailyrecord.com/2026/08/24/ai-companies-are-destroying-more-books-than-you-think-says-bookseller/,,English,Amazon,AMZN,unknown,0.9
20260824T163000Z,  Fantastic  solar security camera  doesnt need charging  beats Ring Doorbell price,https://www.gazettelive.co.uk/whats-on/shopping/solar-security-camera-beat-ring-34506730,,English,Amazon,AMZN,positive,0.9
20260824T163000Z,World inches toward catastrophic climate events :  Bigger shock on way,https://www.nydailynews.com/2026/08/24/catastrophic-climate-events/,,English,Amazon,AMZN,unknown,0.9
20260824T163000Z,"AI companies are destroying more books than you think , says bookseller",https://www.journal-advocate.com/2026/08/24/ai-companies-are-destroying-more-books-than-you-think-says-bookseller/,,English,Amazon,AMZN,unknown,0.9
20260824T163000Z,"AI companies are destroying more books than you think , says bookseller",https://www.coloradohometownweekly.com/2026/08/24/ai-companies-are-destroying-more-books-than-you-think-says-bookseller/,,English,Amazon,AMZN,unknown,0.9
20260824T154500Z,The world inches toward catastrophic climate events :  Bigger shocks are on the way  ,https://www.wboc.com/news/international/the-world-inches-toward-catastrophic-climate-events-bigger-shocks-are-on-the-way/article_d8bc92ae-3a36-5434-a9ae-4657e594b1e2.html,,English,Amazon,AMZN,unknown,0.9
20260824T154500Z,World inches toward catastrophic climate events :  Bigger shock on way,https://www.denverpost.com/2026/08/24/catastrophic-climate-events/,,English,Amazon,AMZN,unknown,0.9
20260824T153000Z,The world inches toward catastrophic climate events :  Bigger shocks are on the way  ,https://www.news4jax.com/news/world/2026/08/24/the-world-inches-toward-catastrophic-climate-events-bigger-shocks-are-on-the-way/,,English,Amazon,AMZN,unknown,0.9
20260824T153000Z,Chinese green technology powers Brazil sustainable development,http://www.venezuelastar.com/news/279261676/chinese-green-technology-powers-brazil-sustainable-development,,English,Amazon,AMZN,unknown,0.9
20260824T153000Z,World inches toward catastrophic climate events :  Bigger shock on way,https://www.timescall.com/2026/08/24/catastrophic-climate-events/,,English,Amazon,AMZN,unknown,0.9
20260824T153000Z,  Fantastic  solar security camera  doesnt need charging  beats Ring Doorbell price,https://www.bristolpost.co.uk/whats-on/shopping/fantastic-solar-security-camera-doesnt-11125253,,English,Amazon,AMZN,positive,0.9
20260824T153000Z,World inches toward catastrophic climate events :  Bigger shock on way,https://www.sun-sentinel.com/2026/08/24/catastrophic-climate-events/,,English,Amazon,AMZN,unknown,0.9
20260824T153000Z,World inches toward catastrophic climate events :  Bigger shock on way,https://www.courant.com/2026/08/24/catastrophic-climate-events/,,English,Amazon,AMZN,unknown,0.9
20260824T144500Z,The world inches toward catastrophic climate events :  Bigger shocks are on the way  ,https://isp.netscape.com:443/news/story/0001/20260824/5b062254250a759483c94376d32ae478,,English,Amazon,AMZN,unknown,0.9
20260824T144500Z,The world inches toward catastrophic climate events :  Bigger shocks are on the way  ,https://isp.netscape.com:443/news/world/story/0001/20260824/5b062254250a759483c94376d32ae478,,English,Amazon,AMZN,unknown,0.9
20260824T144500Z,  Fantastic  solar security camera  doesnt need charging  beats Ring Doorbell price,https://www.derbytelegraph.co.uk/whats-on/shopping/fantastic-solar-security-camera-doesnt-11125253,,English,Amazon,AMZN,positive,0.9
20260824T143000Z,Amazon and Twitch sued for using streamers to train AI,https://www.albawaba.net/business/amazon-and-twitch-sued-using-streamers-1635662,,English,Amazon,AMZN,unknown,0.9
20260824T143000Z,  Fantastic  solar security camera  doesnt need charging  beats Ring Doorbell price,https://www.plymouthherald.co.uk/whats-on/shopping/fantastic-solar-security-camera-doesnt-11125253,,English,Amazon,AMZN,positive,0.9
20260824T140000Z,Chinese green technology powers Brazil sustainable development,http://www.argentinastar.com/news/279261676/chinese-green-technology-powers-brazil-sustainable-development,,English,Amazon,AMZN,unknown,0.9
20260824T131500Z,Twitch faces class - action lawsuit over training AI using streamer footage - ,https://www.gamereactor.eu/twitch-faces-class-action-lawsuit-over-training-ai-using-streamers-footage-1762693/,,English,Amazon,AMZN,negative,0.9
20260824T131500Z,"Sony 1000XM6 Headphones Are Nearly Back to Prime Day Pricing , Now Almost as Cheap as Buying Used",https://kotaku.com/sony-1000xm6-headphones-are-nearly-back-to-prime-day-pricing-now-almost-as-cheap-as-buying-used-2000724787,,English,Amazon,AMZN,unknown,0.9
20260824T130000Z,Economic Watch : Chinese green technology powers Brazil sustainable development,http://www.brazilsun.com/news/279261496/economic-watch-chinese-green-technology-powers-brazil-sustainable-development,,English,Amazon,AMZN,unknown,0.9
20260824T130000Z,Chinese green technology powers Brazil sustainable development,http://www.caribbeanherald.com/news/279261676/chinese-green-technology-powers-brazil-sustainable-development,,English,Amazon,AMZN,unknown,0.9
20260824T114500Z,Amazon and Twitch sued for using streamers to train AI,http://www.albawaba.com/business/amazon-and-twitch-sued-using-streamers-1635662,,English,Amazon,AMZN,unknown,0.9
20260824T113000Z,"Garmin Goes Big on Its Rugged GPS Smartwatch , Instinct 3 AMOLED With Built - In Flashlight Hits Its Lowest Price on Amazon",https://gizmodo.com/garmin-goes-big-on-its-rugged-gps-smartwatch-instinct-3-amoled-with-built-in-flashlight-hits-its-lowest-price-on-amazon-2000802061,,English,Amazon,AMZN,unknown,0.9
20260824T110000Z,Chinese green technology powers Brazil sustainable development,http://www.beijingbulletin.com/news/279261676/chinese-green-technology-powers-brazil-sustainable-development,,English,Amazon,AMZN,unknown,0.9
20260824T104500Z,Economic Watch : Chinese green technology powers Brazil sustainable development,http://www.venezuelastar.com/news/279261496/economic-watch-chinese-green-technology-powers-brazil-sustainable-development,,English,Amazon,AMZN,unknown,0.9
20260824T104500Z,Amazon and Twitch sued for using streamers to train AI,https://www.albawaba.com/business/amazon-and-twitch-sued-using-streamers-1635662,,English,Amazon,AMZN,unknown,0.9
20260824T104500Z,Best portable power station deal : Bluetti AC180 is 25 % off,https://mashable.com/tech/aug-24-bluetti-ac180-portable-power-station-deal,,English,Amazon,AMZN,unknown,0.9
20260824T101500Z,Petrobras begins talks for four offshore exploration blocks in Ghana,https://www.offshore-technology.com/news/petrobras-talks-four-offshore-exploration-blocks-ghana/,,English,Amazon,AMZN,unknown,0.9
20260824T101500Z,Senior Harshitha Talasila Selected as Watson Fellow,https://thecolgatemaroonnews.com/69035/news/campus/senior-harshitha-talasila-selected-as-thomas-j-watson-fellow/,,English,Amazon,AMZN,unknown,0.9
20260824T091500Z,OPINION : Letters to the editor of the Newbury Weekly News,https://www.newburytoday.co.uk/news/readers-views-thanks-weavers-for-getting-it-so-right-9479469/,,English,Amazon,AMZN,unknown,0.9
20260824T071500Z,Economic Watch : Chinese green technology powers Brazil sustainable development - Xinhua,https://english.news.cn/20260824/24533feaa02b4006b4bf596761df6a4c/c.html,,English,Amazon,AMZN,unknown,0.9
20260824T063000Z,Ecuadorian Indigenous communities deliver mandate to tackle worsening  state of emergency  in Amazon,https://icsf.net/newss/ecuadorian-indigenous-communities-deliver-mandate-to-tackle-worsening-state-of-emergency-in-amazon/,,English,Amazon,AMZN,unknown,0.9
20260824T053000Z,"Google Fitbit Air Retail Units Surface In India Ahead Of Official Launch , Priced At ₹16 , 000",https://www.freepressjournal.in/tech/google-fitbit-air-retail-units-surface-in-india-ahead-of-official-launch-priced-at-16000,,English,Amazon,AMZN,unknown,0.9
20260824T044500Z,Win Tickets to George Thorogood & the Destroyers,https://1069thefox.com/win-tickets-to-george-thorogood-the-destroyers/,,English,Amazon,AMZN,unknown,0.9
20260824T043000Z,"Amazon , Twitch Slapped With New Lawsuit For Allegedly Using Streamer Content to Train AI",https://www.itechpost.com/articles/237104/20260823/amazon-twitch-slapped-new-lawsuit-allegedly-using-streamers-content-train-ai.htm,,English,Amazon,AMZN,negative,0.9
20260823T220000Z,"Ecuador Noboa , a Trump Ally , Courts Chinese Investment on State Visit",https://foreignpolicy.com/2026/08/21/a-top-trump-ally-turns-to-china/?tpcc=recirc_trending062921,,English,Amazon,AMZN,unknown,0.9
20260823T213000Z,Deadline,https://deadline.com/print-article/1237048328/,,English,Amazon,AMZN,unknown,0.5
20260823T184500Z,Amazon early Labor Day deals on tools and tech,https://www.wisn.com/article/amazon-early-labor-day-deals-2026/73498638,,English,Amazon,AMZN,unknown,0.9
20260823T181500Z,Twitch And Amazon Hit With Lawsuit For Training AI With Streamer Content,https://www.engadget.com/2242283/twitch-amazon-hit-with-lawsuit-for-training-ai-with-streamers-content/,,English,Amazon,AMZN,negative,0.9
20260823T173000Z,Amazon early Labor Day deals on tools and tech,https://www.wgal.com/article/amazon-early-labor-day-deals-2026/73498638,,English,Amazon,AMZN,unknown,0.9
20260823T171500Z,"First Alert Weather : Hot , mostly dry Sunday afternoon",https://www.wbrc.com/2026/08/23/first-alert-weather-hot-mostly-dry-sunday-afternoon/,,English,Amazon,AMZN,unknown,0.9
20260823T171500Z,Jasper County residents raise money for legal help against data center,https://www.chicagotribune.com/2026/08/23/we-want-to-stop-it-jasper-county-residents-raise-money-for-legal-help-against-data-center/,,English,Amazon,AMZN,unknown,0.9
20260823T160000Z,The new mega - dinghies that can bring hundreds of migrants at a time to Britain are earning the gangsters who run them millions,https://www.dailymail.com/news/article-16052837/The-new-mega-dinghies-bring-hundreds-migrants-time-Britain-earning-gangsters-run-millions.html,,English,Amazon,AMZN,unknown,0.9
20260823T151500Z,Amazon early Labor Day deals on tools and tech,https://www.ksbw.com/article/amazon-early-labor-day-deals-2026/73498638,,English,Amazon,AMZN,unknown,0.9
20260823T144500Z,Amazon early Labor Day deals on tools and tech,https://www.koat.com/article/amazon-early-labor-day-deals-2026/73498638,,English,Amazon,AMZN,unknown,0.9
20260823T140000Z,Boyertown author releases new children book,https://www.dailylocal.com/2026/08/23/boyertown-author-releases-new-childrens-book-spotlight/,,English,Amazon,AMZN,unknown,0.9
20260823T140000Z,Amazon early Labor Day deals on tools and tech,https://www.wxii12.com/article/amazon-early-labor-day-deals-2026/73498638,,English,Amazon,AMZN,unknown,0.9
20260823T134500Z,Nvidia is the beating heart of the AI boom and the stock market - which sets up a big test,https://www.morningstar.com/news/marketwatch/202608239/nvidia-is-the-beating-heart-of-the-ai-boom-and-the-stock-market-which-sets-up-a-big-test,,English,Amazon,AMZN,unknown,0.9
20260823T134500Z,Amazon early Labor Day deals on tools and tech,https://www.koco.com/article/amazon-early-labor-day-deals-2026/73498638,,English,Amazon,AMZN,unknown,0.9
20260823T134500Z,"Trump Says Ballroom Construction Is  Under Budget , and Ahead of Schedule  ",https://www.theepochtimes.com/us/trump-says-ballroom-construction-is-under-budget-and-ahead-of-schedule-6078545,,English,Amazon,AMZN,unknown,0.9
20260823T134500Z,Amazon early Labor Day deals on tools and tech,https://www.kmbc.com/article/amazon-early-labor-day-deals-2026/73498638,,English,Amazon,AMZN,unknown,0.9
20260823T134500Z,Amazon early Labor Day deals on tools and tech,https://www.wdsu.com/article/amazon-early-labor-day-deals-2026/73498638,,English,Amazon,AMZN,unknown,0.9
20260823T133000Z,Amazon early Labor Day deals on tools and tech,https://www.wpbf.com/article/amazon-early-labor-day-deals-2026/73498638,,English,Amazon,AMZN,unknown,0.9
20260823T133000Z,Readers reply : Is it inevitable that consumerism will literally fill up the planet ? ,https://www.aol.co.uk/articles/readers-reply-inevitable-consumerism-literally-130033000.html,,English,Amazon,AMZN,unknown,0.9
20260823T131500Z,Did an Amazon delivery guy assault a 71 - year - old man in California ? What we know about the attack and lawsuit,https://www.hindustantimes.com/world-news/us-news/did-an-amazon-delivery-guy-assault-a-71-year-old-man-in-california-what-we-know-about-the-attack-and-lawsuit-101787449445941.html,,English,Amazon,AMZN,negative,0.9
20260823T131500Z,Amazon early Labor Day deals on tools and tech,https://www.wapt.com/article/amazon-early-labor-day-deals-2026/73498638,,English,Amazon,AMZN,unknown,0.9
20260823T130000Z,GNR Sunday 8 / 23 ☀️ Good News Roundup ☀️ 10 Pips from Bill and 56 from Jess,https://www.dailykos.com/stories/2026/8/23/800088014/community/gnr-sunday-8-23-%E2%98%80%EF%B8%8F-good-news-roundup-%E2%98%80%EF%B8%8F-10-pips-from-bill-and-56-from-jess/,,English,Amazon,AMZN,unknown,0.9
20260823T120000Z,How workers can fight the climate catastrophe,https://socialistworker.co.uk/in-depth/how-workers-can-fight-the-climate-catastrophe/,,English,Amazon,AMZN,unknown,0.9
20260823T114500Z,Boyertown author releases new children book,https://www.readingeagle.com/2026/08/23/boyertown-author-releases-new-childrens-book-spotlight/,,English,Amazon,AMZN,unknown,0.9
20260823T114500Z,Clean Air Act changes by Trump admin could impact New York | News,https://www.dailygazette.com/news/adirondacks-acid-rain-recovery/article_99eb13c1-b554-463c-99a0-764b0883b7e8.html,,English,Amazon,AMZN,unknown,0.9
20260823T114500Z,Amazon early Labor Day deals on tools and tech,https://www.kcci.com/article/amazon-early-labor-day-deals-2026/73498638,,English,Amazon,AMZN,unknown,0.9
20260823T114500Z,Amazon early Labor Day deals on tools and tech,https://www.wjcl.com/article/amazon-early-labor-day-deals-2026/73498638,,English,Amazon,AMZN,unknown,0.9
20260823T113000Z,Amazon early Labor Day deals on tools and tech,https://www.ketv.com/article/amazon-early-labor-day-deals-2026/73498638,,English,Amazon,AMZN,unknown,0.9
20260823T113000Z,Stores are selling Halloween stuff in August . Time has lost all meaning | Dave Schilling,https://www.theguardian.com/commentisfree/2026/aug/23/halloween-capitalism-climate-change,,English,Amazon,AMZN,unknown,0.9
20260823T113000Z,Amazon early Labor Day deals on tools and tech,https://www.wbaltv.com/article/amazon-early-labor-day-deals-2026/73498638,,English,Amazon,AMZN,unknown,0.9
20260823T113000Z,3 Smart Devices That Can Pair With Your Air Conditioner,https://www.bgr.com/2238539/smart-devices-pair-with-air-conditioner/,,English,Amazon,AMZN,unknown,0.9
20260823T103000Z,Clean Air Act changes by Trump admin could impact New York | News,https://www.dailygazette.com/hv360/news/adirondacks-acid-rain-recovery/article_99eb13c1-b554-463c-99a0-764b0883b7e8.html,,English,Amazon,AMZN,unknown,0.9
20260823T093000Z,The 5 Best Sci - Fi Movie Quotes of the Decade So Far,https://www.polygon.com/5-best-sci-fi-movie-quotes-of-the-2020s-so-far/,,English,Amazon,AMZN,unknown,0.9
20260823T090000Z,"It  Black August  in Russia , but Putin is sweeping this summer crisis under the rug",https://www.egyptindependent.com/its-black-august-in-russia-but-putin-is-sweeping-this-summers-crisis-under-the-rug/,,English,Amazon,AMZN,unknown,0.9
20260823T083000Z,  Incredible  backpack used from school to work  still looks new after seven years  ,https://www.birminghammail.co.uk/whats-on/shopping/kipling-back-to-school-range-34495675,,English,Amazon,AMZN,unknown,0.9
20260823T083000Z,Clean Air Act changes by Trump admin could impact New York | News,https://www.dailygazette.com/ade/news/adirondacks-acid-rain-recovery/article_99eb13c1-b554-463c-99a0-764b0883b7e8.html,,English,Amazon,AMZN,unknown,0.9
20260823T074500Z,Clean Air Act changes by Trump admin could impact New York | News,https://www.dailygazette.com/lpn/news/adirondacks-acid-rain-recovery/article_99eb13c1-b554-463c-99a0-764b0883b7e8.html,,English,Amazon,AMZN,unknown,0.9
20260823T074500Z,"It  Black August  in Russia , but Putin is sweeping this summer crisis under the rug",https://us.cnn.com/2026/08/22/europe/putin-russia-black-august-analysis-intl,,English,Amazon,AMZN,unknown,0.9
20260823T074500Z,Gardens  transformed  with solar lights so good shoppers  buy 4 sets  ,https://www.express.co.uk/life-style/garden/2240487/gardens-transformed-solar-lights-good,,English,Amazon,AMZN,positive,0.9
20260823T071500Z,Uber hit with $966 million Dutch fine over automated suspensions,http://www.mainemirror.com/news/279257018/uber-hit-with-usd966-million-dutch-fine-over-automated-suspensions,,English,Amazon,AMZN,unknown,0.9
20260823T070000Z,Global Humanity in Search of Peace and Conflict Resolution,https://countercurrents.org/2026/08/global-humanity-in-search-of-peace-and-conflict-resolution/,,English,Amazon,AMZN,unknown,0.9
20260823T070000Z,Uber hit with $966 million Dutch fine over automated suspensions,http://www.haitisun.com/news/279257018/uber-hit-with-usd966-million-dutch-fine-over-automated-suspensions,,English,Amazon,AMZN,unknown,0.9
20260823T070000Z,"It  Black August  in Russia , but Putin is sweeping this summer crisis under the rug",https://edition.cnn.com/2026/08/22/europe/putin-russia-black-august-analysis-intl,,English,Amazon,AMZN,unknown,0.9
20260823T070000Z,Uber hit with $966 million Dutch fine over automated suspensions,http://www.brazilsun.com/news/279257018/uber-hit-with-usd966-million-dutch-fine-over-automated-suspensions,,English,Amazon,AMZN,unknown,0.9
20260823T064500Z,Uber hit with $966 million Dutch fine over automated suspensions,http://www.iranherald.com/news/279257018/uber-hit-with-usd966-million-dutch-fine-over-automated-suspensions,,English,Amazon,AMZN,unknown,0.9
20260823T064500Z,Uber hit with $966 million Dutch fine over automated suspensions,http://www.massachusettssun.com/news/279257018/uber-hit-with-usd966-million-dutch-fine-over-automated-suspensions,,English,Amazon,AMZN,unknown,0.9
20260823T064500Z,Uber hit with $966 million Dutch fine over automated suspensions,http://www.jamaicantimes.com/news/279257018/uber-hit-with-usd966-million-dutch-fine-over-automated-suspensions,,English,Amazon,AMZN,unknown,0.9
20260823T064500Z,Uber hit with $966 million Dutch fine over automated suspensions,http://www.stlouisstar.com/news/279257018/uber-hit-with-usd966-million-dutch-fine-over-automated-suspensions,,English,Amazon,AMZN,unknown,0.9
20260823T064500Z,Uber fined $966 million over automated driver deactivations,http://www.shanghainews.net/news/279257018/uber-fined-usd966-million-over-automated-driver-deactivations,,English,Amazon,AMZN,unknown,0.9
20260823T064500Z,Uber hit with $966 million Dutch fine over automated suspensions,http://www.vietnamtribune.com/news/279257018/uber-hit-with-usd966-million-dutch-fine-over-automated-suspensions,,English,Amazon,AMZN,unknown,0.9
20260823T064500Z,Uber hit with $966 million Dutch fine over automated suspensions,http://www.sanantoniopost.com/news/279257018/uber-hit-with-usd966-million-dutch-fine-over-automated-suspensions,,English,Amazon,AMZN,unknown,0.9
20260823T063000Z,Uber fined $966 million over automated driver deactivations,http://www.bruneinews.net/news/279257018/uber-fined-usd966-million-over-automated-driver-deactivations,,English,Amazon,AMZN,unknown,0.9
20260823T063000Z,Uber hit with $966 million Dutch fine over automated suspensions,http://www.iraqsun.com/news/279257018/uber-hit-with-usd966-million-dutch-fine-over-automated-suspensions,,English,Amazon,AMZN,unknown,0.9
20260823T063000Z,Uber hit with $966 million Dutch fine over automated suspensions,http://www.pittsburghstar.com/news/279257018/uber-hit-with-usd966-million-dutch-fine-over-automated-suspensions,,English,Amazon,AMZN,unknown,0.9
20260823T063000Z,Uber hit with $966 million Dutch fine over automated suspensions,http://www.asiabulletin.com/news/279257018/uber-hit-with-usd966-million-dutch-fine-over-automated-suspensions,,English,Amazon,AMZN,unknown,0.9
20260823T063000Z,Uber fined $966 million over automated driver deactivations,http://www.australiannews.net/news/279257018/uber-fined-usd966-million-over-automated-driver-deactivations,,English,Amazon,AMZN,unknown,0.9
20260823T063000Z,Uber hit with $966 million Dutch fine over automated suspensions,http://www.phoenixherald.com/news/279257018/uber-hit-with-usd966-million-dutch-fine-over-automated-suspensions,,English,Amazon,AMZN,unknown,0.9
20260823T063000Z,Uber hit with $966 million Dutch fine over automated suspensions,http://www.tennesseedaily.com/news/279257018/uber-hit-with-usd966-million-dutch-fine-over-automated-suspensions,,English,Amazon,AMZN,unknown,0.9
20260823T063000Z,Uber hit with $966 million Dutch fine over automated suspensions,http://www.ohiostandard.com/news/279257018/uber-hit-with-usd966-million-dutch-fine-over-automated-suspensions,,English,Amazon,AMZN,unknown,0.9
20260823T063000Z,Uber hit with $966 million Dutch fine over automated suspensions,http://www.philippinetimes.com/news/279257018/uber-hit-with-usd966-million-dutch-fine-over-automated-suspensions,,English,Amazon,AMZN,unknown,0.9
20260823T061500Z,Uber hit with $966 million Dutch fine over automated suspensions,http://www.hongkongherald.com/news/279257018/uber-hit-with-usd966-million-dutch-fine-over-automated-suspensions,,English,Amazon,AMZN,unknown,0.9
20260823T061500Z,Uber hit with $966 million Dutch fine over automated suspensions,http://www.floridastatesman.com/news/279257018/uber-hit-with-usd966-million-dutch-fine-over-automated-suspensions,,English,Amazon,AMZN,unknown,0.9
20260823T061500Z,Uber fined $966 million over automated driver deactivations,http://www.myanmarnews.net/news/279257018/uber-fined-usd966-million-over-automated-driver-deactivations,,English,Amazon,AMZN,unknown,0.9
20260823T061500Z,Uber hit with $966 million Dutch fine over automated suspensions,http://www.oklahomacitysun.com/news/279257018/uber-hit-with-usd966-million-dutch-fine-over-automated-suspensions,,English,Amazon,AMZN,unknown,0.9
20260823T061500Z,Uber hit with $966 million Dutch fine over automated suspensions,http://www.sydneysun.com/news/279257018/uber-hit-with-usd966-million-dutch-fine-over-automated-suspensions,,English,Amazon,AMZN,unknown,0.9
20260823T061500Z,Uber hit with $966 million Dutch fine over automated suspensions,http://www.orlandoecho.com/news/279257018/uber-hit-with-usd966-million-dutch-fine-over-automated-suspensions,,English,Amazon,AMZN,unknown,0.9
20260823T061500Z,Uber hit with $966 million Dutch fine over automated suspensions,http://www.indiagazette.com/news/279257018/uber-hit-with-usd966-million-dutch-fine-over-automated-suspensions,,English,Amazon,AMZN,unknown,0.9
20260823T061500Z,Uber hit with $966 million Dutch fine over automated suspensions,http://www.israelherald.com/news/279257018/uber-hit-with-usd966-million-dutch-fine-over-automated-suspensions,,English,Amazon,AMZN,unknown,0.9
20260823T061500Z,Uber hit with $966 million Dutch fine over automated suspensions,http://www.nepalnational.com/news/279257018/uber-hit-with-usd966-million-dutch-fine-over-automated-suspensions,,English,Amazon,AMZN,unknown,0.9
20260823T050000Z,Uber hit with $966 million Dutch fine over automated suspensions,http://www.newjerseytelegraph.com/news/279257018/uber-hit-with-usd966-million-dutch-fine-over-automated-suspensions,,English,Amazon,AMZN,unknown,0.9
20260823T050000Z,Uber hit with $966 million Dutch fine over automated suspensions,http://www.newzealandstar.com/news/279257018/uber-hit-with-usd966-million-dutch-fine-over-automated-suspensions,,English,Amazon,AMZN,unknown,0.9
20260823T050000Z,Uber hit with $966 million Dutch fine over automated suspensions,http://www.zimbabwestar.com/news/279257018/uber-hit-with-usd966-million-dutch-fine-over-automated-suspensions,,English,Amazon,AMZN,unknown,0.9
20260823T050000Z,Uber hit with $966 million Dutch fine over automated suspensions,http://www.saltlakecitysun.com/news/279257018/uber-hit-with-usd966-million-dutch-fine-over-automated-suspensions,,English,Amazon,AMZN,unknown,0.9
20260823T044500Z,Uber hit with $966 million Dutch fine over automated suspensions,http://www.bangladeshsun.com/news/279257018/uber-hit-with-usd966-million-dutch-fine-over-automated-suspensions,,English,Amazon,AMZN,unknown,0.9
20260823T044500Z,Uber hit with $966 million Dutch fine over automated suspensions,http://www.europesun.com/news/279257018/uber-hit-with-usd966-million-dutch-fine-over-automated-suspensions,,English,Amazon,AMZN,unknown,0.9
20260823T044500Z,Uber hit with $966 million Dutch fine over automated suspensions,http://www.malaysiasun.com/news/279257018/uber-hit-with-usd966-million-dutch-fine-over-automated-suspensions,,English,Amazon,AMZN,unknown,0.9
20260823T044500Z,Uber hit with $966 million Dutch fine over automated suspensions,http://www.utahindependent.com/news/279257018/uber-hit-with-usd966-million-dutch-fine-over-automated-suspensions,,English,Amazon,AMZN,unknown,0.9
20260823T044500Z,Uber hit with $966 million Dutch fine over automated suspensions,http://www.oklahomastar.com/news/279257018/uber-hit-with-usd966-million-dutch-fine-over-automated-suspensions,,English,Amazon,AMZN,unknown,0.9
20260823T044500Z,Uber hit with $966 million Dutch fine over automated suspensions,http://www.trinidadtimes.com/news/279257018/uber-hit-with-usd966-million-dutch-fine-over-automated-suspensions,,English,Amazon,AMZN,unknown,0.9
20260823T044500Z,Uber hit with $966 million Dutch fine over automated suspensions,http://www.newyorkstatesman.com/news/279257018/uber-hit-with-usd966-million-dutch-fine-over-automated-suspensions,,English,Amazon,AMZN,unknown,0.9
20260823T043000Z,Uber hit with $966 million Dutch fine over automated suspensions,http://www.mexicostar.com/news/279257018/uber-hit-with-usd966-million-dutch-fine-over-automated-suspensions,,English,Amazon,AMZN,unknown,0.9
20260823T043000Z,Uber hit with $966 million Dutch fine over automated suspensions,http://www.sandiegosun.com/news/279257018/uber-hit-with-usd966-million-dutch-fine-over-automated-suspensions,,English,Amazon,AMZN,unknown,0.9
20260823T043000Z,Uber hit with $966 million Dutch fine over automated suspensions,http://www.neworleanssun.com/news/279257018/uber-hit-with-usd966-million-dutch-fine-over-automated-suspensions,,English,Amazon,AMZN,unknown,0.9
20260823T040000Z,SpaceX Million Satellite Plan Threatens Night Sky,https://flaglerlive.com/massive-increase-in-starlink-satellites-risks-catastrophic-atmospheric-pollution-and-orbital-collision-dangers/,,English,Amazon,AMZN,unknown,0.9
20260823T040000Z,Uber hit with $966 million Dutch fine over automated suspensions,http://www.japanherald.com/news/279257018/uber-hit-with-usd966-million-dutch-fine-over-automated-suspensions,,English,Amazon,AMZN,unknown,0.9
20260823T040000Z,Uber hit with $966 million Dutch fine over automated suspensions,http://www.austinglobe.com/news/279257018/uber-hit-with-usd966-million-dutch-fine-over-automated-suspensions,,English,Amazon,AMZN,unknown,0.9
20260823T040000Z,Uber hit with $966 million Dutch fine over automated suspensions,http://www.bostonstar.com/news/279257018/uber-hit-with-usd966-million-dutch-fine-over-automated-suspensions,,English,Amazon,AMZN,unknown,0.9
20260823T033000Z,Uber fined $966 million over automated driver deactivations,http://www.calcuttanews.net/news/279257018/uber-fined-usd966-million-over-automated-driver-deactivations,,English,Amazon,AMZN,unknown,0.9
20260823T033000Z,Uber hit with $966 million Dutch fine over automated suspensions,http://www.memphissun.com/news/279257018/uber-hit-with-usd966-million-dutch-fine-over-automated-suspensions,,English,Amazon,AMZN,unknown,0.9
20260823T033000Z,Uber fined $966 million over automated driver deactivations,http://www.laosnews.net/news/279257018/uber-fined-usd966-million-over-automated-driver-deactivations,,English,Amazon,AMZN,unknown,0.9
20260823T023000Z,Don Hank Dossier : Elon Musk Starlink serves Nazi Ukraine and must be turned off – The Greanville Post,https://www.greanvillepost.com/don-hanks-dossier-elon-musks-starlink-serves-nazi-ukraine-and-must-be-turned-off/,,English,Amazon,AMZN,unknown,0.9
20260822T230000Z,Brand it like Beckham continues ... Sir David trademarks 50th birthday rose from his daughter Harper,https://www.dailymail.com/tvshowbiz/article-16072563/Brand-like-Beckham-continues-Sir-David-trademarks-50th-birthday-rose-daughter-Harper.html,,English,Amazon,AMZN,unknown,0.9
20260822T173000Z,  Weather resistant  outdoor storage box with wheels  holds a lot of cushions  ,https://www.mirror.co.uk/money/shopping-deals/weather-resistant-outdoor-storage-box-37559465,,English,Amazon,AMZN,unknown,0.9
20260822T171500Z,"First Alert Weather : Hot Saturday afternoon , but not as muggy",https://www.wbrc.com/2026/08/22/first-alert-weather-hot-saturday-afternoon-not-muggy/,,English,Amazon,AMZN,unknown,0.9
20260822T171500Z,Pete McMartin : The laziness that comes with Alexa,https://theprovince.com/opinion/columnists/pete-mcmartin-the-laziness-that-comes-with-alexa/wcm/899622aa-a5ac-429a-80bf-beb5a5bdb2cd,,English,Amazon,AMZN,unknown,0.9
20260822T170000Z,AI Absurd Spending Boom ? Hyperscalers Are Spending 102 % of Cloud Revenue on Capex,https://finance.yahoo.com/technology/ai/articles/ai-absurd-spending-boom-hyperscalers-162709082.html,,English,Amazon,AMZN,unknown,0.9
20260822T154500Z,Amazon F1 data mining becomes a proving ground for other industries,https://www.irishtimes.com/motors/2026/08/22/amazon-f1-data-mining-becomes-a-proving-ground-for-other-industries/,,English,Amazon,AMZN,unknown,0.9
20260822T153000Z,Kodansha Reveals New Fall 2027 and Kodansha Print Club Manga Licenses at Anime NYC,https://www.fandompost.com/2026/08/22/kodansha-reveals-new-fall-2027-and-kodansha-print-club-manga-licenses-at-anime-nyc/,,English,Amazon,AMZN,unknown,0.9
20260822T151500Z,US support for AI data centers collapses,http://www.albawaba.com/business/us-support-ai-data-centers-collapses-1635503,,English,Amazon,AMZN,unknown,0.9
20260822T151500Z,Could a Bucks County Amazon data center be affected by Gov . Shapiro order ? – The Morning Call,https://www.mcall.com/2026/08/22/could-a-bucks-county-amazon-data-center-be-affected-by-gov-shapiros-order/,,English,Amazon,AMZN,unknown,0.9
20260822T084500Z,You cant buy anything on these food delivery and shopping sites . Here why that the point,https://www.cbc.ca/radio/thecurrent/fake-shopping-website-app-dopamine-9.7313588,,English,Amazon,AMZN,unknown,0.9
20260822T081500Z,US and others turn to Brazil for rare earths,https://jamaica-gleaner.com/article/news/20260822/us-and-others-turn-brazil-rare-earths,,English,Amazon,AMZN,unknown,0.9
20260822T044500Z,  It like were being robbed : The relentless march of data centres,https://www.brisbanetimes.com.au/world/europe/it-s-like-we-re-being-robbed-the-relentless-march-of-data-centres-20260821-p60q8c.html,,English,Amazon,AMZN,unknown,0.9
20260822T044500Z,68 Things Happening Around The World That Prove Earth Is Stranger Than We Think ( New Pics ) ,https://2.boredpanda.com/interesting-happenings-on-earth-posts/?cexp_id=159991&_f=homepage_featured&cexp_var=7,,English,Amazon,AMZN,unknown,0.9
20260822T044500Z,  It like were being robbed : The relentless march of data centres,https://www.theage.com.au/world/europe/it-s-like-we-re-being-robbed-the-relentless-march-of-data-centres-20260821-p60q8c.html,,English,Amazon,AMZN,unknown,0.9
20260822T031500Z,"Family and coworkers to hold memorial service for James Brasher , third Stellantis worker killed under UAW 2023 sellout contract",https://www.wsws.org/en/articles/2026/08/22/ggge-a22.html,,English,Amazon,AMZN,unknown,0.9
20260822T020000Z,"AI companies are destroying more books than you think , says bookseller",https://www.pasadenastarnews.com/2026/08/21/ai-companies-are-destroying-more-books-than-you-think-says-bookseller/,,English,Amazon,AMZN,unknown,0.9
20260822T010000Z,Bill McKibben Explores The AI Dystopia,https://cleantechnica.com/2026/08/21/bill-mckibben-explores-the-ai-dystopia/,,English,Amazon,AMZN,unknown,0.9
20260822T001500Z,ChatGPT Can Take Over Your iMessages . But Do You Really Want That ? ,https://www.cnet.com/tech/services-and-software/chatgpt-take-over-imessage/,,English,Amazon,AMZN,unknown,0.9
20260822T001500Z,Surveillance backlash : Cities ditch Flock license plate cameras amid privacy fears – NaturalNews . com,https://www.naturalnews.com/2026-08-21-surveillance-cities-flock-license-plate-cameras-privacy.html,,English,Amazon,AMZN,unknown,0.9
20260822T000000Z,Why you almost didnt get to see  Coyote vs . Acme  ,https://www.thepeterboroughexaminer.com/entertainment/movies/coyote-vs-acme-rescued-movies-essay/article_58ef27c6-fb46-5e13-88f7-a8c2dcf6dbf6.html,,English,Amazon,AMZN,unknown,0.9
20260822T000000Z,Scott Snyder Feeling  Excited : Absolute Batman & Wytches Update,https://bleedingcool.com/tv/scott-snyder-feeling-excited-absolute-batman-wytches-update/,,English,Amazon,AMZN,unknown,0.9
20260821T233000Z,AST SpaceMobile vs . Boeing : Which High Flying Stock Is a Better Buy in 2026 ? ,https://www.fool.com/coverage/better-buy/2026/08/21/ast-spacemobile-vs-boeing-which-high-flying-stock-is-a-better-buy-in-2026/?source=iedfolrf0000001,,English,Amazon,AMZN,unknown,0.9
20260821T233000Z,Advance Auto Parts vs . Lockheed Martin : Which Stock Is a Better Buy in 2026 ? ,https://www.fool.com/coverage/better-buy/2026/08/21/advance-auto-parts-vs-lockheed-martin-which-stock-is-a-better-buy-in-2026/?source=iedfolrf0000001,,English,Amazon,AMZN,unknown,0.9
20260821T231500Z,25 best early Labor Day deals : Upgrade your patio and garden starting from just $19,https://www.tomsguide.com/home/outdoors/get-your-patio-and-garden-ready-for-labor-day-with-these-25-outdoor-deals-from-usd19,,English,Amazon,AMZN,unknown,0.9
20260821T223000Z,Advance Auto Parts vs . Lockheed Martin : Which Stock Is a Better Buy in 2026 ? ,https://finance.yahoo.com/markets/stocks/articles/advance-auto-parts-vs-lockheed-215801381.html,,English,Amazon,AMZN,unknown,0.9
20260821T223000Z,Why you almost didnt get to see  Coyote vs . Acme  ,https://www.wellandtribune.ca/entertainment/movies/coyote-vs-acme-rescued-movies-essay/article_5dab526f-7171-5bbb-b886-8f0d56b5274d.html,,English,Amazon,AMZN,unknown,0.9
20260821T221500Z,Ohio US Senate candidates offer contrasting visions for data centers,https://highlandcountypress.com/headlines/ohio-us-senate-candidates-offer-contrasting-visions-data-centers,,English,Amazon,AMZN,unknown,0.9
20260821T211500Z,"AI companies are destroying more books than you think , says bookseller",https://www.redlandsdailyfacts.com/2026/08/21/ai-companies-are-destroying-more-books-than-you-think-says-bookseller/,,English,Amazon,AMZN,unknown,0.9
20260821T203000Z,"AI companies are destroying more books than you think , says bookseller",https://www.dailybulletin.com/2026/08/21/ai-companies-are-destroying-more-books-than-you-think-says-bookseller/,,English,Amazon,AMZN,unknown,0.9
20260821T201500Z,  USPS isnt delivering for Vermont : Congressional delegation complains to postmaster general about mail issues,https://vtdigger.org/2026/08/21/usps-isnt-delivering-for-vermont-congressional-delegation-complains-to-postmaster-general-about-mail-issues/,,English,Amazon,AMZN,unknown,0.9
20260821T201500Z,Met Office warns of united kingdom storms and rain as  unprecedented  El Niño builds,https://www.coventrytelegraph.net/news/uk-world-news/met-office-warns-uk-storms-34499006,,English,Amazon,AMZN,unknown,0.9
20260821T194500Z,How to Prepare for Hurricane Season,https://www.nbcnews.com/select/shopping/how-to-prep-for-hurricane-rcna593780,,English,Amazon,AMZN,unknown,0.9
20260821T194500Z,Rumors Swirl That Meghan Markle Could Join Netflix Show  The Gentlemen  ,https://www.thedailybeast.com/obsessed/rumors-swirl-that-meghan-markle-could-join-netflix-show-the-gentlemen/,,English,Amazon,AMZN,unknown,0.9
20260821T193000Z,"Apple , Meta , and 7 tech giants face lawsuit over AI voice training data",https://americanbazaaronline.com/2026/08/21/apple-meta-and-7-tech-giants-face-lawsuit-over-ai-voice-training-data/,,English,Amazon,AMZN,negative,0.9
20260821T193000Z,AI companies accused of hoarding and destroying millions of books,https://www.cbsnews.com/news/ftc-ai-companies-destroying-books/,,English,Amazon,AMZN,unknown,0.9
20260821T193000Z,"AI companies are destroying more books than you think , says bookseller",https://www.dailybreeze.com/2026/08/21/ai-companies-are-destroying-more-books-than-you-think-says-bookseller/,,English,Amazon,AMZN,unknown,0.9
20260821T191500Z,"AI companies are destroying more books than you think , says bookseller",https://www.sgvtribune.com/2026/08/21/ai-companies-are-destroying-more-books-than-you-think-says-bookseller/,,English,Amazon,AMZN,unknown,0.9
20260821T173000Z,Rackspace Technology ( NASDAQ : RXT ) Trading Down 4 % – Here Why,https://www.dailypolitical.com/2026/08/21/rackspace-technology-nasdaqrxt-trading-down-4-heres-why.html,,English,Amazon,AMZN,unknown,0.9
20260821T173000Z,"AI companies are destroying more books than you think , says bookseller",https://www.presstelegram.com/2026/08/21/ai-companies-are-destroying-more-books-than-you-think-says-bookseller/,,English,Amazon,AMZN,unknown,0.9
20260821T164500Z,Postal Service Honors Sarah Orne Jewett,https://www.prnewswire.com/news-releases/postal-service-honors-sarah-orne-jewett-302856903.html,,English,Amazon,AMZN,unknown,0.9
20260821T164500Z,"Movie Piracy : Spider - Man , Odyssey Leak Online - How Will Studios React ? ",https://variety.com/2026/film/features/movie-piracy-spider-man-odyssy-leak-online-1236837027/,,English,Amazon,AMZN,unknown,0.9
20260821T163000Z,Postal Service Honors Sarah Orne Jewett,http://www.prnewswire.com/news-releases/postal-service-honors-sarah-orne-jewett-302856903.html,,English,Amazon,AMZN,unknown,0.9
20260821T161500Z,Family files suit after girl dies in freak badminton accident,https://www.wjcl.com/article/badminton-accident-girl-dies-lawsuit-racket-maker-maine/73494139,,English,Amazon,AMZN,unknown,0.9
20260821T161500Z,Scientists are using thousands of hours of rainforest sound recordings to teach AI to recognise birds that were previously difficult to identify,https://timesofindia.indiatimes.com/science/scientists-are-using-thousands-of-hours-of-rainforest-sound-recordings-to-teach-ai-to-recognise-birds-that-were-previously-difficult-to-identify/articleshow/133402484.cms,,English,Amazon,AMZN,unknown,0.9
20260821T160000Z,Free - to - read weekly news round - up : 21 August 2026 | OPI - Office Products International,https://www.opi.net/news/region/001-north-america/free-to-read-weekly-news-round-up-21-august-2026/,,English,Amazon,AMZN,unknown,0.9
20260821T154500Z,Family files suit after girl dies in freak badminton accident,https://www.koat.com/article/badminton-accident-girl-dies-lawsuit-racket-maker-maine/73494139,,English,Amazon,AMZN,unknown,0.9
20260821T154500Z,Family files suit after girl dies in freak badminton accident,https://www.ksbw.com/article/badminton-accident-girl-dies-lawsuit-racket-maker-maine/73494139,,English,Amazon,AMZN,unknown,0.9
20260821T150000Z,Family files suit after girl dies in freak badminton accident,https://www.4029tv.com/article/badminton-accident-girl-dies-lawsuit-racket-maker-maine/73494139,,English,Amazon,AMZN,unknown,0.9
20260821T150000Z,"Legislators cheer , opponents boo Shapiro data center order",https://www.delcotimes.com/2026/08/21/legislators-cheer-opponents-boo-shapiros-data-center-order/,,English,Amazon,AMZN,unknown,0.9
20260821T144500Z,Warning over extreme weather and food prices as  unprecedented  El Nino builds,https://www.newburytoday.co.uk/national/warning-over-extreme-weather-and-food-prices-as-unprecedented-el-nino-builds-170820/,,English,Amazon,AMZN,unknown,0.9
20260821T144500Z,Warning over extreme weather and food prices as  unprecedented  El Nino builds,https://www.newarkadvertiser.co.uk/national/warning-over-extreme-weather-and-food-prices-as-unprecedented-el-nino-builds-170820/,,English,Amazon,AMZN,unknown,0.9
20260821T143000Z,Short sellers reap $2Bn profit as modular nuclear reactor stocks tumble,https://nuclear-news.net/2026/08/21/2-a-short-sellers-reap-2bn-profit-as-modular-nuclear-reactor-stocks-tumble/,,English,Amazon,AMZN,unknown,0.9
20260821T143000Z,Family files suit after girl dies in freak badminton accident,https://www.koco.com/article/badminton-accident-girl-dies-lawsuit-racket-maker-maine/73494139,,English,Amazon,AMZN,unknown,0.9
20260821T143000Z,El Nino warning over extreme weather and food prices,https://www.thenational.scot/news/26485390.el-nino-warning-extreme-weather-food-prices/,,English,Amazon,AMZN,unknown,0.9
20260821T143000Z,Family files suit after girl dies in freak badminton accident,https://www.gulfcoastnewsnow.com/article/badminton-accident-girl-dies-lawsuit-racket-maker-maine/73494139,,English,Amazon,AMZN,unknown,0.9
20260821T134500Z,"Amid record heat and wildfire , countries resort to drastic steps",https://www.eenews.net/articles/amid-record-heat-and-wildfire-countries-resort-to-drastic-steps/,,English,Amazon,AMZN,unknown,0.9
20260821T134500Z,"Legislators cheer , opponents boo Shapiro data center order",https://www.mainlinemedianews.com/2026/08/21/legislators-cheer-opponents-boo-shapiros-data-center-order/,,English,Amazon,AMZN,unknown,0.9
20260821T134500Z,"UPS , FedEx and DHL are giving back billions in Trump tariffs to American customers are you eligible for a fat refund ? ",https://www.aol.com/articles/ups-fedex-dhl-giving-back-123500000.html,,English,Amazon,AMZN,unknown,0.9
20260821T133000Z,Super El Niño could lead to mega CO2 emissions from Indonesian fires,https://www.newscientist.com/article/2585948-super-el-nino-could-lead-to-mega-co2-emissions-from-indonesian-fires/,,English,Amazon,AMZN,unknown,0.9
20260821T121500Z,NYPD crackdown on illegal e - bikes ramps up under Mamdani,https://gothamist.com/news/nypd-crackdown-on-illegal-e-bikes-ramps-up-under-mamdani,,English,Amazon,AMZN,unknown,0.9
20260821T121500Z,Should Korea cull stray cats to save birds ? ,https://www.koreatimes.co.kr/southkorea/environment-animals/20260821/should-korea-cull-stray-cats-to-save-birds,,English,Amazon,AMZN,unknown,0.9
20260821T111500Z,Future disconnect : The digital divide in SA energy minerals boom,https://www.businessday.co.za/news/2026-08-21-future-disconnect-the-digital-divide-in-sas-energy-minerals-boom/,,English,Amazon,AMZN,unknown,0.9
20260821T110000Z,7 unexpected things that can kill you in NYC and how to protect yourself,https://nypost.com/2026/08/21/shopping/7-unexpected-things-that-can-kill-you-in-nyc-and-how-to-protect-yourself/,,English,Amazon,AMZN,unknown,0.9
20260821T103000Z,Squishies craze : Fake squishies boom as toy goes viral,https://www.watoday.com.au/business/consumer-affairs/border-force-asked-to-seize-fake-squishies-as-demand-surges-20260821-p60qa8.html,,English,Amazon,AMZN,unknown,0.9
20260821T100000Z,Squishies craze : Fake squishies boom as toy goes viral,https://www.smh.com.au/business/consumer-affairs/border-force-asked-to-seize-fake-squishies-as-demand-surges-20260821-p60qa8.html,,English,Amazon,AMZN,unknown,0.9
20260821T100000Z,Squishies craze : Fake squishies boom as toy goes viral,https://www.theage.com.au/business/consumer-affairs/border-force-asked-to-seize-fake-squishies-as-demand-surges-20260821-p60qa8.html,,English,Amazon,AMZN,unknown,0.9
20260821T100000Z,Squishies craze : Fake squishies boom as toy goes viral,https://www.brisbanetimes.com.au/business/consumer-affairs/border-force-asked-to-seize-fake-squishies-as-demand-surges-20260821-p60qa8.html,,English,Amazon,AMZN,unknown,0.9
20260825T014500Z,From molecules to value,https://www.thestar.com.my/business/insight/2026/08/25/from-molecules-to-value,,English,Alphabet,GOOGL,unknown,0.9
20260824T194500Z,"China Floated a Helium Airship to 13 , 000 Feet to Harvest Wind . It Worked . ",https://tech.yahoo.com/science/articles/china-floated-helium-airship-13-182546014.html,,English,Alphabet,GOOGL,positive,0.9
20260824T164500Z,How a decade - long battle to build a superyacht marina in the Virgin Islands has Louisiana ties,https://www.nola.com/news/politics/us-virgin-islands-yacht-marina-louisiana-ties-garret-graves/article_cddaac0c-8094-452e-928b-2c9a170efee7.html,,English,Alphabet,GOOGL,unknown,0.9
20260824T154500Z,Hugging Face reportedly in talks to be acquired for $13B,https://techcrunch.com/2026/08/24/hugging-face-reportedly-in-talks-to-be-acquired-for-13b/,,English,Alphabet,GOOGL,unknown,0.9
20260824T010000Z,"What in a name ? Why naming storms , military operations and medical maladies matters",https://hayspost.com/posts/af8f3efd-669d-4bce-85dc-d4bd8fb94edb,,English,Alphabet,GOOGL,unknown,0.9
20260823T213000Z,"What in a name ? Why naming storms , military operations and medical maladies matters",https://littleapplepost.com/posts/af8f3efd-669d-4bce-85dc-d4bd8fb94edb,,English,Alphabet,GOOGL,unknown,0.9
20260823T164500Z,Grasim eyes ₹2 lakh crore revenue in FY27 as growth platforms scale up : KM Birla,https://www.livemint.com/companies/news/grasim-eyes-rs-2-lakh-crore-revenue-in-fy27-as-growth-platforms-diversified-portfolio-scale-up-kumar-mangalam-km-birla-11787500761228.html,,English,Alphabet,GOOGL,unknown,0.9
20260823T144500Z,"What in a name ? Why naming storms , military operations and medical maladies matters",https://www.wccbcharlotte.com/2026/08/23/whats-in-a-name-why-naming-storms-military-operations-and-medical-maladies-matters/,,English,Alphabet,GOOGL,unknown,0.9
20260823T134500Z,Afternoon of friendship and new beginnings,https://www.thedailystar.net/ds/my-dhaka/news/afternoon-friendship-and-new-beginnings-4253126,,English,Alphabet,GOOGL,unknown,0.9
20260823T130000Z,"What in a name ? - Why naming storms , military operations and medical maladies matters | News",https://jamaica-gleaner.com/article/news/20260823/whats-name-why-naming-storms-military-operations-and-medical-maladies-matters,,English,Alphabet,GOOGL,unknown,0.9
20260823T071500Z,What in a name ? | News | Jamaica Gleaner,https://jamaica-gleaner.com/article/news/20260823/whats-name,,English,Alphabet,GOOGL,unknown,0.9
20260822T040000Z,Why Women Still Need  A Room of One Own  by Hlonipha Mokoena,https://www.timeslive.co.za/lifestyle/2026-08-22-why-women-still-need-a-room-of-ones-own-by-hlonipha-mokoena/,,English,Alphabet,GOOGL,unknown,0.9
20260821T233000Z,Neoclouds Shine in AI Build Out | The Motley Fool,https://www.fool.com/investing/2026/08/21/neoclouds-shine-in-ai-build-out/?source=iedfolrf0000001,,English,Alphabet,GOOGL,unknown,0.9
20260821T210000Z,"What in a name ? Why naming storms , military operations and medical maladies matters",https://www.bostonherald.com/2026/08/21/memorable-monikers/,,English,Alphabet,GOOGL,unknown,0.9
20260821T191500Z,"What in a name ? Why naming storms , military operations and medical maladies matters - Las Vegas Sun News",https://lasvegassun.com/news/2026/aug/21/whats-in-a-name-why-naming-storms-military-operati/,,English,Alphabet,GOOGL,unknown,0.9
20260821T170000Z,"What in a name ? Why naming storms , military operations and medical maladies matters",https://www.dailycamera.com/2026/08/21/memorable-monikers/,,English,Alphabet,GOOGL,unknown,0.9
20260821T170000Z,"What in a name ? Why naming storms , military operations and medical maladies matters",https://www.sun-sentinel.com/2026/08/21/memorable-monikers/,,English,Alphabet,GOOGL,unknown,0.9
20260821T170000Z,"What in a name ? Why naming storms , military operations and medical maladies matters",https://www.local10.com/news/2026/08/21/whats-in-a-name-why-naming-storms-military-operations-and-medical-maladies-matters/,,English,Alphabet,GOOGL,unknown,0.9
20260821T164500Z,"What in a name ? Why naming storms , military operations and medical maladies matters",https://www.clickondetroit.com/news/2026/08/21/whats-in-a-name-why-naming-storms-military-operations-and-medical-maladies-matters/,,English,Alphabet,GOOGL,unknown,0.9
20260821T160000Z,"What in a name ? Why naming storms , military operations and medical maladies matters",https://www.clickorlando.com/news/2026/08/21/whats-in-a-name-why-naming-storms-military-operations-and-medical-maladies-matters/,,English,Alphabet,GOOGL,unknown,0.9
20260821T160000Z,"What in a name ? Why naming storms , military operations and medical maladies matters",https://www.news4jax.com/news/2026/08/21/whats-in-a-name-why-naming-storms-military-operations-and-medical-maladies-matters/,,English,Alphabet,GOOGL,unknown,0.9
20260821T144500Z,"What in a name ? Why naming storms , military operations and medical maladies matters","http://www.sitkasentinel.com/stories/whats-in-a-name-why-naming-storms-military-operations-and-medical-maladies-matters,165441",,English,Alphabet,GOOGL,unknown,0.9
20260821T140000Z,"What in a name ? Why naming storms , military operations and medical maladies matters",https://www.durangoherald.com/articles/associated-press/whats-in-a-name-why-naming-storms-military-operations-and-medical-maladies-matters/,,English,Alphabet,GOOGL,unknown,0.9
20260821T140000Z,"What in a name ? Why naming storms , military operations and medical maladies matters",https://www.durangoherald.com/articles/associated-press/whats-in-a-name-why-naming-storms-military-operations-and-medical-maladies-matters-2/,,English,Alphabet,GOOGL,unknown,0.9
20260821T133000Z,"What in a name ? Why naming storms , military operations and medical maladies matters | National news coverage",http://www.thegazette.com/news/national/what-s-in-a-name-why-naming-storms-military-operations-and-medical-maladies-matters/article_c7a9b8ba-5fdc-5376-b141-31d277330169.html,,English,Alphabet,GOOGL,unknown,0.9
20260821T110000Z,Iran War : Bessent Effectively Admits New Ferocious Iran Sanctions Likely to Fizzle as Treasury Intervention Fails ; More Evidence of US Military Impotence ; Ansar Allah Makes Drone Strikes Into Saudi Arabia,https://www.nakedcapitalism.com/2026/08/iran-war-bessent-effectively-admits-new-ferocious-iran-sanctions-likely-to-fizzle-as-treasury-intervention-fails-more-evidence-of-us-military-impotence-ansar-allah-makes-drone-strikes-into-saudi-ar.html,,English,Alphabet,GOOGL,unknown,0.9
20260821T110000Z,"What in a name ? Why naming storms , military operations and medical maladies matters – Winnipeg Free Press",https://www.winnipegfreepress.com/arts-and-life/life/2026/08/21/whats-in-a-name-why-naming-storms-military-operations-and-medical-maladies-matters,,English,Alphabet,GOOGL,unknown,0.9
20260821T080000Z,SK Hynix vs . AppLovin : Which Technology Stock Is a Better Buy in 2026 ? ,https://finance.yahoo.com/markets/stocks/articles/sk-hynix-vs-applovin-technology-195123295.html,,English,Alphabet,GOOGL,unknown,0.9
20260821T014500Z,Texas lawmakers eye new social media restrictions for children – NBC 5 Dallas - Fort Worth,https://www.nbcdfw.com/news/local/texas-lawmakers-eye-new-social-media-restrictions-aimed-at-protecting-children/4065542/,,English,Alphabet,GOOGL,unknown,0.9
20260821T011500Z,"Australia passes law to force Meta , Google , others to pay for local news",https://tribuneonlineng.com/australia-passes-law-to-force-meta-google-others-to-pay-for-local-news/,,English,Alphabet,GOOGL,unknown,0.9
20260820T214500Z,Catherine Austin Fitts Warns that Depopulation Is Used to Change the Economy +,https://www.alipac.us/f19/catherine-austin-fitts-warns-depopulation-used-change-economy-429413/,,English,Alphabet,GOOGL,unknown,0.9
20260820T210000Z,Parents dubious of Meta claims over social media addiction - researcher,https://www.rnz.co.nz/news/health/1070574/parents-dubious-of-meta-s-claims-over-social-media-addiction-researcher,,English,Alphabet,GOOGL,unknown,0.9
20260820T004500Z,"Billionaire Investor Bill Ackman Just Sold Alphabet and Piled Into Another Tech Stock That Up 65 , 100 % Since Its IPO",https://finance.yahoo.com/markets/stocks/articles/billionaire-investor-bill-ackman-just-125600481.html,,English,Alphabet,GOOGL,unknown,0.9
20260819T200000Z,"Stressed Oligarchs at Meta , OpenAI , and the Ellison Empire",https://www.nakedcapitalism.com/2026/08/stressed-oligarchs-meta-openai-ellison-warnermount-empire-oracle.html,,English,Alphabet,GOOGL,unknown,0.9
20260819T081500Z,"Meta Rejects Claims It Sought to Hook Kids to Facebook , Instagram as Key Trial Begins",https://www.claimsjournal.com/news/national/2026/08/19/339624.htm,,English,Alphabet,GOOGL,unknown,0.9
20260819T074500Z,"Meta rejects claims it sought to hook children to Facebook , Instagram as landmark trial begins",https://www.rappler.com/technology/social-media/meta-rejects-claims-hook-children-facebook-instagram-us-trial/,,English,Alphabet,GOOGL,unknown,0.9
20260819T073000Z,"Meta rejects claims it sought to hook children to Facebook , Instagram as landmark trial begins",https://www.dailymaverick.co.za/article/2026-08-19-meta-rejects-claims-it-sought-to-hook-children-to-facebook-instagram-as-landmark-trial-begins/,,English,Alphabet,GOOGL,unknown,0.9
20260819T070000Z,"Meta rejects claims it sought to hook children to Facebook , Instagram as landmark trial begins",https://bworldonline.com/technology/2026/08/19/771147/meta-rejects-claims-it-sought-to-hook-children-to-facebook-instagram-as-landmark-trial-begins/,,English,Alphabet,GOOGL,unknown,0.9
20260819T041500Z,Meta rejects allegations it sought to hook children as landmark trial begins,https://dunyanews.tv/en/Technology/968595-meta-rejects-allegations-it-sought-to-hook-children-as-landmark-trial-,,English,Alphabet,GOOGL,unknown,0.9
20260819T023000Z,DePIN is Dead . Long Live Infrastructure - as - a - Service . ,https://konstantintkachuk.com/writing/depin-is-dead-long-live-infrastructure-as-a-service/,,English,Alphabet,GOOGL,unknown,0.9
20260819T020000Z,"Meta trial begins with states accusing social media giant of exploiting , intentionally addicting children",https://www.cbc.ca/news/world/meta-trial-opens-instagram-facebook-9.7311852,,English,Alphabet,GOOGL,unknown,0.9
20260819T013000Z,"Meta rejects claims it designed Facebook , Instagram to addict children",https://www.geo.tv/latest/678237-meta-rejects-claims-it-designed-facebook-instagram-to-addict-children,,English,Alphabet,GOOGL,unknown,0.9
20260818T234500Z,Meta faces claims it sought to hook children on social media as landmark trial begins,https://www.odt.co.nz/news/world/meta-faces-claims-it-sought-to-hook-children-on-social-media-as-landmark-trial-begins-daeccvbf,,English,Alphabet,GOOGL,unknown,0.9
20260818T234500Z,Meta rejects claims it sought to hook kids to platforms,https://www.juneesoutherncross.com.au/story/9333030/meta-rejects-claims-it-sought-to-hook-kids-to-platforms/,,English,Alphabet,GOOGL,unknown,0.9
20260818T233000Z,Meta rejects claims it sought to hook kids to platforms,https://www.merimbulanewsweekly.com.au/story/9333030/meta-rejects-claims-it-sought-to-hook-kids-to-platforms/,,English,Alphabet,GOOGL,unknown,0.9
20260818T231500Z,Meta rejects claims it sought to hook kids to platforms,https://www.bordermail.com.au/story/9333030/meta-rejects-claims-it-sought-to-hook-kids-to-platforms/,,English,Alphabet,GOOGL,unknown,0.9
20260818T231500Z,Meta rejects claims it sought to hook kids to platforms,https://www.newcastleherald.com.au/story/9333030/meta-rejects-claims-it-sought-to-hook-kids-to-platforms/,,English,Alphabet,GOOGL,unknown,0.9
20260818T231500Z,Meta rejects claims it sought to hook kids to platforms,https://www.dailyliberal.com.au/story/9333030/meta-rejects-claims-it-sought-to-hook-kids-to-platforms/,,English,Alphabet,GOOGL,unknown,0.9
20260818T224500Z,Meta rejects allegations it sought to hook children as landmark trial begins,https://www.straitstimes.com/world/united-states/meta-rejects-allegations-it-sought-to-hook-children-as-landmark-trial-begins,,English,Alphabet,GOOGL,unknown,0.9
20260818T221500Z,"Nasdaq falls over 1 % as tech stocks take a beating from soaring yields , rising oil",https://www.hellenicshippingnews.com/nasdaq-falls-over-1-as-tech-stocks-take-a-beating-from-soaring-yields-rising-oil/,,English,Alphabet,GOOGL,unknown,0.9
20260818T220000Z,"Thirty Years , One Language , and a Bible Delivered by Air",https://cbn.com/news/world/thirty-years-one-language-and-bible-delivered-air,,English,Alphabet,GOOGL,unknown,0.9
20260818T211500Z,Meta Accused of Exploiting Kids as Social Media Trial Gets Underway,https://www.livemint.com/companies/meta-accused-of-exploiting-kids-as-social-media-trial-gets-underway-11787080644101.html,,English,Alphabet,GOOGL,unknown,0.9
20260818T210000Z,Meta trial that could reshape Facebook and Instagram begins,https://www.nbcnews.com/business/corporations/meta-trial-facebook-instagram-begins-rcna593146,,English,Alphabet,GOOGL,unknown,0.9
20260818T204500Z,Prediction : SpaceX Stock Will Be Worth This Much in 1 Year,https://www.fool.com/investing/2026/08/18/prediction-spacex-stock-will-be-worth-much-1-year/?source=iedfolrf0000001,,English,Alphabet,GOOGL,unknown,0.9
20260818T200000Z,Meta trial that could reshape Facebook and Instagram gets underway in California,https://www.abc.net.au/news/2026-08-19/meta-trial-that-could-reshape-facebook-and-instagram-begins/107052672,,English,Alphabet,GOOGL,unknown,0.9
20260818T191500Z,"Meta targeted children to boost Facebook and Instagram use , lawyer says as landmark trial begins",https://cyprus-mail.com/2026/08/18/meta-targeted-children-to-boost-facebook-and-instagram-use-lawyer-says-as-landmark-trial-begins,,English,Alphabet,GOOGL,unknown,0.9
20260818T181500Z,"Meta trial : US states sue Facebook , Instagram over claims of addiction for children , teens",https://www.brisbanetimes.com.au/world/north-america/meta-needed-kids-tech-giant-on-trial-over-social-media-addiction-20260819-p60pik.html,,English,Alphabet,GOOGL,unknown,0.9
20260818T174500Z,"Meta trial : US states sue Facebook , Instagram over claims of addiction for children , teens",https://www.theage.com.au/world/north-america/meta-needed-kids-tech-giant-on-trial-over-social-media-addiction-20260819-p60pik.html,,English,Alphabet,GOOGL,unknown,0.9
20260818T174500Z,"Meta trial : US states sue Facebook , Instagram over claims of addiction for children , teens",https://www.smh.com.au/world/north-america/meta-needed-kids-tech-giant-on-trial-over-social-media-addiction-20260819-p60pik.html,,English,Alphabet,GOOGL,unknown,0.9
20260818T174500Z,"Billionaire Investor Bill Ackman Just Sold Alphabet and Piled Into Another Tech Stock That Up 65 , 100 % Since Its IPO",https://www.fool.com/investing/2026/08/18/billionaire-investor-bill-ackman-just-sold-alphabe/?source=iedfolrf0000001,,English,Alphabet,GOOGL,unknown,0.9
20260818T173000Z,USA : Meta faces first federal trial over claims by state attorneys general that its platforms harm children,https://www.business-humanrights.org/en/latest-news/usa-meta-faces-first-federal-trial-over-state-attorneys-generals-claims-of-harms-to-children/,,English,Alphabet,GOOGL,unknown,0.9
20260818T170000Z,Opening arguments set to begin in Meta federal trial over child safety,https://www.bnnbloomberg.ca/business/technology/2026/08/18/this-trial-could-reshape-some-of-the-most-popular-apps-on-the-planet/,,English,Alphabet,GOOGL,unknown,0.9
20260818T164500Z,Uber Eats Drone Deal Targets One Million Daily Deliveries : Zipline Must Scale 230 - Fold,https://www.techtimes.com/articles/324817/20260818/uber-eats-drone-deal-targets-one-million-daily-deliveries-zipline-must-scale-230-fold.htm,,English,Alphabet,GOOGL,unknown,0.9
20260818T164500Z,Meta Faces Unprecedented Legal Reckoning Over Youth Mental Health As Massive Multistate Trial Begins,https://www.zerohedge.com/technology/meta-faces-unprecedented-legal-reckoning-over-youth-mental-health-massive-multistate,,English,Alphabet,GOOGL,unknown,0.9
20260818T164500Z,Meta faces landmark trial as 29 US States challenge Instagram and Facebook over child safety,https://www.thenews.com.pk/latest/1412694-meta-faces-landmark-trial-as-29-us-states-challenge-instagram-and-facebook-over-child-safety,,English,Alphabet,GOOGL,unknown,0.9
20260818T161500Z,Meta Stares Down Trillion - Dollar Threat as Landmark Social Media Trial Begins,https://www.insurancejournal.com/news/national/2026/08/18/881989.htm,,English,Alphabet,GOOGL,unknown,0.9
20260818T143000Z,"Even as market clouds clear , AI investment anxiety still gnaws",https://www.theglobeandmail.com/investing/article-even-as-market-clouds-clear-ai-investment-anxiety-still-gnaws/,,English,Alphabet,GOOGL,unknown,0.9
20260818T134500Z,Signal # 71 : Albania AI Minister Turned One and Bought Nothing,https://www.digjitale.com/p/signal-71-albania-s-ai-minister-turned-one-and-bought-nothing,,English,Alphabet,GOOGL,unknown,0.9
20260818T113000Z,Meta faces 29 - state trial that could reshape Instagram and Facebook,https://www.geo.tv/latest/678096-meta-faces-29-state-trial-that-could-reshape-instagram-and-facebook,,English,Alphabet,GOOGL,unknown,0.9
20260818T103000Z,SRN - US News - Taylorville Daily News,https://taylorvilledailynews.com/local-news/srn-us-news/71f2a75f5100b7b365157b95b2b962e9,,English,Alphabet,GOOGL,unknown,0.9
