published_utc,title,url,source,lang,company,ticker,event_type,confidence
20260802T000000Z,Best Energy Stocks To Research – July 31st,https://www.tickerreport.com/banking-finance/13526525/best-energy-stocks-to-research-july-31st.html,,English,Tesla,TSLA,unknown,0.9
20260801T233000Z,China EV problem : What happens when millions of batteries die ? ,https://www.dailykos.com/stories/2026/8/1/800077864/tech/chinas-ev-problem-what-happens-when-millions-of-batteries-die/,,English,Tesla,TSLA,unknown,0.9
20260801T174500Z,What went wrong at IBM - The Daily Reckoning,https://dailyreckoning.com/what-went-wrong-at-ibm/,,English,Tesla,TSLA,unknown,0.9
20260801T173000Z,"Walmart put rooftop solar panels on more than 240 stores , and after 7 of those roofs caught fire the lawsuit it filed blamed the wiring and the inspections rather than the panels",https://www.ecoportal.net/en/walmart-rooftop-solar-panels-240-stores-7-fires/31005/,,English,Tesla,TSLA,mixed,0.9
20260801T161500Z,Committed to providing best possible treatment for serious diseases : Gujarat govt,http://www.bignewsnetwork.com/news/279218470/committed-to-providing-best-possible-treatment-for-serious-diseases-gujarat-govt,,English,Tesla,TSLA,unknown,0.9
20260801T153000Z,The Best All - Inclusive Resorts in the World,https://hauteliving.com/2026/08/best-all-inclusive-resorts-in-the-world/793250/,,English,Tesla,TSLA,unknown,0.9
20260801T151500Z,Florida Got $200 Million For EV Chargers . It Wants To Splurge It On Air Taxis Instead,https://insideevs.com:443/news/803441/florida-nevi-ev-charger-money-evtols-air-taxis/,,English,Tesla,TSLA,unknown,0.9
20260801T140000Z,$RXT Stock Loss : Rackspace may have Misrepresented its AI Efforts to ... ,https://www.pr-inside.com/rxt-stock-loss-rackspace-may-have-misrepresented-its-ai-efforts-to-r5207083.htm,,English,Tesla,TSLA,unknown,0.9
20260801T131500Z,"Gujarat sees steady rise in lung cancer cases , tobacco remains key risk factor",https://bilkulonline.com/2026/08/01/gujarat-sees-steady-rise-in-lung-cancer-cases-tobacco-remains-key-risk-factor/,,English,Tesla,TSLA,unknown,0.9
20260801T130000Z,Letter : A chance for better lives,http://www.goskagit.com/opinion/letters_to_the_editor/letter-a-chance-for-better-lives/article_4590f534-faa7-440e-9804-467936d671a5.html,,English,Tesla,TSLA,unknown,0.9
20260801T114500Z,$CCOI Stock Loss : Cogent Communications may have Misrepresented its ... ,https://www.pr-inside.com/ccoi-stock-loss-cogent-communications-may-have-misrepresented-its-r5207067.htm,,English,Tesla,TSLA,unknown,0.9
20260801T114500Z,Latest Articles,https://freerepublic.com/tag/*/index?more=4390136,,English,Tesla,TSLA,unknown,0.5
20260801T114500Z,$PLNT Stock Loss : Planet Fitness May Have Misrepresented its Marketing ... ,https://www.pr-inside.com/plnt-stock-loss-planet-fitness-may-have-misrepresented-its-marketing-r5207076.htm,,English,Tesla,TSLA,unknown,0.9
20260801T114500Z,$BTU Stock Loss : Peabody May Have Misrepresented its Mine Production ... ,https://www.pr-inside.com/btu-stock-loss-peabody-may-have-misrepresented-its-mine-production-r5207065.htm,,English,Tesla,TSLA,unknown,0.9
20260801T114500Z,$INTU Stock Loss : Intuit May Have Misrepresented its Pricing Issues ... ,https://www.pr-inside.com/intu-stock-loss-intuit-may-have-misrepresented-its-pricing-issues-r5207074.htm,,English,Tesla,TSLA,unknown,0.9
20260801T114500Z,$EMBC Stock Loss : Embecta may have Misrepresented its Insulin Pen Issues ... ,https://www.pr-inside.com/embc-stock-loss-embecta-may-have-misrepresented-its-insulin-pen-issues-r5207068.htm,,English,Tesla,TSLA,unknown,0.9
20260801T114500Z,$EQPT Stock Loss : EquipmentShare may have Misrepresented its Related ... ,https://www.pr-inside.com/eqpt-stock-loss-equipmentshare-may-have-misrepresented-its-related-r5207069.htm,,English,Tesla,TSLA,unknown,0.9
20260801T114500Z,$REGN Stock Loss : Regeneron May Have Misrepresented its Trial Results ... ,https://www.pr-inside.com/regn-stock-loss-regeneron-may-have-misrepresented-its-trial-results-r5207080.htm,,English,Tesla,TSLA,unknown,0.9
20260801T114500Z,Committed to providing best possible treatment for serious diseases : Gujarat govt,http://www.calcuttanews.net/news/279218470/committed-to-providing-best-possible-treatment-for-serious-diseases-gujarat-govt,,English,Tesla,TSLA,unknown,0.9
20260801T114500Z,$MSFT Stock Loss : Microsoft May Have Misrepresented its Copilot Functionality ... ,https://www.pr-inside.com/msft-stock-loss-microsoft-may-have-misrepresented-its-copilot-functionality-r5207075.htm,,English,Tesla,TSLA,unknown,0.9
20260801T111500Z,  Plug - in batteries are the real game - changer : I talked to Octopus Energy and Anker about the home energy revolution than could soon be  bigger than solar  for millions,https://www.techradar.com/home/smart-home/plug-in-batteries-are-the-real-game-changer-i-talked-to-octopus-energy-and-anker-about-the-home-energy-revolution-than-could-soon-be-bigger-than-solar-for-millions,,English,Tesla,TSLA,positive,0.9
20260801T110000Z,Committed to providing best possible treatment for serious diseases : Gujarat govt,http://www.indiagazette.com/news/279218470/committed-to-providing-best-possible-treatment-for-serious-diseases-gujarat-govt,,English,Tesla,TSLA,unknown,0.9
20260801T101500Z,Humanoid Robots : Trump Latest China Trade Battle ? ,https://en.tempo.co/read/2116408/humanoid-robots-trumps-latest-china-trade-battle,,English,Tesla,TSLA,unknown,0.9
20260801T093000Z,Latest Articles,https://freerepublic.com/tag/*/index?more=4390132,,English,Tesla,TSLA,unknown,0.5
20260801T090000Z,Committed to providing best possible treatment for serious diseases : Gujarat govt,https://aninews.in/news/national/general-news/committed-to-providing-best-possible-treatment-for-serious-diseases-gujarat-govt20260801120155/,,English,Tesla,TSLA,unknown,0.9
20260801T080000Z,Billy Bob painful prediction | Baxter Bulletin,"http://www.baxterbulletin.com/stories/billy-bobs-painful-prediction,155240",,English,Tesla,TSLA,unknown,0.9
20260801T071500Z,Gujarat Govt Pledges Best Treatment for Serious Diseases,https://www.newkerala.com/news/a/committed-providing-best-possible-treatment-serious-diseases-gujarat-652.htm,,English,Tesla,TSLA,unknown,0.9
20260801T054500Z,"Abandoned SpaceX rocket to accidentally crash into moon on August 5 : The impact , significance and more",https://www.livemint.com/science/news/abandoned-spacex-rocket-to-accidentally-crash-into-moon-on-august-5-the-impact-significance-and-more-11785558943716.html,,English,Tesla,TSLA,unknown,0.9
20260731T200000Z,PODD Deadline Reminder : Insulet Securities Fraud Class Action over ... ,https://www.pr-inside.com/podd-deadline-reminder-insulet-securities-fraud-class-action-over-r5206918.htm,,English,Tesla,TSLA,unknown,0.9
20260731T200000Z,BTU Deadline Reminder : Peabody Securities Fraud Class Action over Alleged ... ,https://www.pr-inside.com/btu-deadline-reminder-peabody-securities-fraud-class-action-over-alleged-r5206905.htm,,English,Tesla,TSLA,unknown,0.9
20260731T200000Z,CCOI Deadline Reminder : Cogent Communications Securities Fraud Class ... ,https://www.pr-inside.com/ccoi-deadline-reminder-cogent-communications-securities-fraud-class-r5206907.htm,,English,Tesla,TSLA,unknown,0.9
20260731T200000Z,CAPR Investigation Reminder : Capricor Therapeutics Securities Fraud ... ,https://www.pr-inside.com/capr-investigation-reminder-capricor-therapeutics-securities-fraud-r5206906.htm,,English,Tesla,TSLA,unknown,0.9
20260731T173000Z,Tesla Model Y Test Drive Crash Sparks $10 Million Lawsuit,https://www.roadandtrack.com/news/a73318559/tesla-lawsuit-test-drive/,,English,Tesla,TSLA,negative,0.9
20260731T141500Z,Amazon bags $600 million Trump tariff refund : Will the e - commerce giant share the windfall with shoppers ? ,https://www.livemint.com/companies/amazon-bags-600-million-trump-tariff-refund-will-the-e-commerce-giant-share-the-windfall-with-shoppers-11785498882650.html,,English,Tesla,TSLA,positive,0.9
20260731T141500Z,Woman Sues Tesla For $10 Million After Test Drive Crash - The Car Is Too Much Too Handle,https://www.autospies.com/news/index.aspx?submissionid=131461,,English,Tesla,TSLA,unknown,0.9
20260731T140000Z,"MG S9 review 2026 , Price & Specs",https://www.whatcar.com:443/mg-motor-uk/mgs9/4x4/review/n28804,,English,Tesla,TSLA,unknown,0.9
20260731T130000Z,A discarded SpaceX rocket is on a high - speed collision course with the moon,https://economictimes.indiatimes.com/news/science/a-discarded-spacex-rocket-is-on-a-high-speed-collision-course-with-the-moon/articleshow/132767255.cms,,English,Tesla,TSLA,unknown,0.9
20260731T094500Z,"NEDC approves N100bn solar power project , regional railway , airline to drive North - East growth",https://tribuneonlineng.com/nedc-approves-n100bn-solar-power-project-regional-railway-airline-to-drive-north-east-growth/,,English,Tesla,TSLA,positive,0.9
20260731T060000Z,AP News Summary at 12 : 32 a . m . EDT,http://www.bozemandailychronicle.com/ap_news/ap-news-summary-at-12-32-a-m-edt/article_69fac524-b947-56ee-9365-bcf4dcff3afc.html,,English,Tesla,TSLA,unknown,0.9
20260731T054500Z,How The Car Lobby And Oil Companies Are Slowing The Shift To Electric Vehicles,https://www.scoop.co.nz/stories/WO2607/S00295/how-the-car-lobby-and-oil-companies-are-slowing-the-shift-to-electric-vehicles.htm,,English,Tesla,TSLA,unknown,0.9
20260731T053000Z,AP News Summary at 12 : 12 a . m . EDT,http://www.gazettextra.com/news/nation_world/ap-news-summary-at-12-12-a-m-edt/article_df5f9cc1-3adc-5398-b0d5-db048bedbf86.html,,English,Tesla,TSLA,unknown,0.9
20260731T050000Z,AP News Summary at 10 : 49 p . m . EDT,http://www.wataugademocrat.com/ap/national/ap-news-summary-at-10-49-p-m-edt/article_dc8c13fb-85fb-5125-9f77-1003f6a329b9.html,,English,Tesla,TSLA,unknown,0.9
20260731T050000Z,AP News Summary at 12 : 12 a . m . EDT,http://www.wataugademocrat.com/ap/national/ap-news-summary-at-12-12-a-m-edt/article_49c808d4-1558-5ee3-b9a2-2e01aff41e01.html,,English,Tesla,TSLA,unknown,0.9
20260731T041500Z,"Woman Wants $10 Million From Tesla After Crashing During Test Drive , Blames Insane Mode",https://www.carscoops.com/2026/07/tesla-model-y-insane-mode-lawsuit/,,English,Tesla,TSLA,unknown,0.9
20260731T040000Z,AP News Summary at 10 : 49 p . m . EDT,http://www.averyjournal.com/ap/national/ap-news-summary-at-10-49-p-m-edt/article_6ace0ac2-fbad-515a-975d-9b2d5cd40caf.html,,English,Tesla,TSLA,unknown,0.9
20260731T024500Z,Leveraging Advanced Bidirectional Charging Architectures Generates Billions for the Modern Electric Grid,https://www.torquenews.com/17995/leveraging-advanced-bidirectional-charging-architectures-generates-billions-modern-electric,,English,Tesla,TSLA,unknown,0.9
20260731T023000Z,American Solar Challenge cars make checkpoint stop in Tulsa,https://fox23.com/news/local/american-solar-challenge-cars-make-checkpoint-stop-in-tulsa,,English,Tesla,TSLA,positive,0.9
20260731T020000Z,Model charged in burglaries throughout LA County accused of thefts in Indio,https://kesq.com/news/2026/07/30/model-charged-in-burglaries-throughout-la-county-accused-of-thefts-in-indio/,,English,Tesla,TSLA,unknown,0.9
20260731T014500Z,AP News Summary at 9 : 17 p . m . EDT,http://www.hngnews.com/nation_world/ap-news-summary-at-9-17-p-m-edt/article_31e4a57e-0e02-5912-af32-4c2b0a572dd2.html,,English,Tesla,TSLA,unknown,0.9
20260731T011500Z,Police : 49ers coach not charged in crash because of officer discretion,https://abc7news.com/post/police-49ers-coach-not-charged-crash-because-officers-discretion/19603001/,,English,Tesla,TSLA,unknown,0.9
20260730T234500Z,American Solar Challenge cars make checkpoint stop in Tulsa,https://ktul.com/news/local/american-solar-challenge-cars-make-checkpoint-stop-in-tulsa-07-30-2026,,English,Tesla,TSLA,positive,0.9
20260730T230000Z,Latest Articles,https://freerepublic.com/tag/*/index?more=4389951,,English,Tesla,TSLA,unknown,0.5
20260730T224500Z,Eaton vs . Tesla : A Difference in Absolute Revenue and Revenue Volatility,https://www.fool.com/coverage/charts/2026/07/30/eaton-vs-tesla-a-difference-in-absolute-revenue-and-revenue-volatility/?source=iedfolrf0000001,,English,Tesla,TSLA,unknown,0.9
20260730T221500Z,Eldorado Gold Reports Solid Q2 2026 Financial and Operational Results ; Skouries On Track for Q3 2026,https://www.juniorminingnetwork.com/junior-miner-news/press-releases/1175-tsx/eld/208311-eldorado-gold-reports-solid-q2-2026-financial-and-operational-results-skouries-on-track-for-q3-2026.html,,English,Tesla,TSLA,unknown,0.9
20260730T214500Z,Tesla ( NASDAQ : TSLA ) Shares Up 3 . 5 % – Time to Buy ? ,https://www.tickerreport.com/banking-finance/13523147/tesla-nasdaqtsla-shares-up-3-5-time-to-buy.html,,English,Tesla,TSLA,unknown,0.9
20260730T204500Z,Ford recalls SUVs over power seats that recline on their own,https://driving.ca:443/auto-news/driver-info/2026-ford-explorer-lincoln-aviator-recall-seats-recline,,English,Tesla,TSLA,unknown,0.9
20260730T190000Z,Elon Musk solar ambitions have shifted from powering homes to powering Tesla AI era,https://finance.yahoo.com/energy/articles/elon-musks-solar-ambitions-shifted-002620776.html,,English,Tesla,TSLA,positive,0.9
20260730T171500Z,The Madness Of King Elon The First - CleanTechnica,https://cleantechnica.com/2026/07/30/the-madness-of-king-elon-the-first/,,English,Tesla,TSLA,unknown,0.9
20260730T163000Z,"The next China shock could be bigger than solar , batteries and EVs",https://economictimes.indiatimes.com/news/international/global-trends/the-next-china-shock-could-be-bigger-than-solar-batteries-and-evs/articleshow/132744823.cms,,English,Tesla,TSLA,positive,0.9
20260730T140000Z,"Delaware Flock cameras : Protest , praise over AI plate readers",https://whyy.org/articles/flock-cameras-license-plate-readers-delaware-artificial-intelligence/,,English,Tesla,TSLA,unknown,0.9
20260730T124500Z,ETF Odyssey Continues as Issuers Sail Toward Another Record - Breaking Year,https://finance.yahoo.com/markets/stocks/articles/etf-odyssey-continues-issuers-sail-040200658.html,,English,Tesla,TSLA,unknown,0.9
20260730T100000Z,"EV demand in Europe , BESS in the US drive LG Energy Solution return to profit in Q2",https://www.energy-storage.news/ev-demand-in-europe-bess-in-the-us-drive-lg-energy-solutions-return-to-profit-in-q2/,,English,Tesla,TSLA,unknown,0.9
20260730T060000Z,2026 Lexus RZ 550e Review : Closer to Perfection,https://www.theautochannel.com/news/2026/07/29/1697771-2026-lexus-rz-550e-review-closer-to-perfection-torque-report.html,,English,Tesla,TSLA,unknown,0.9
20260730T051500Z,"China threatens retaliation over US import ban on robots , power inverters",https://www.arabnews.com/node/2652765/world,,English,Tesla,TSLA,unknown,0.9
20260730T033000Z,"U . S . bans foreign - made humanoid robots , targeting China over national security concerns",https://www.texarkanagazette.com/news/2026/jul/29/us-bans-foreign-made-humanoid-robots-targeting/,,English,Tesla,TSLA,unknown,0.9
20260730T030000Z,Tesla & ContourGlobal Sign Long - Term Power Agreement Covering 1 Terawatt - Hour / Year for Sterling Renewable Project,https://cleantechnica.com/2026/07/29/tesla-contourglobal-sign-long-term-power-agreement-covering-1-terawatt-hour-year-for-sterling-renewable-project/,,English,Tesla,TSLA,positive,0.9
20260730T030000Z,"US bans foreign - made humanoid robots , targeting China over national security",https://macaudailytimes.com.mo/us-bans-foreign-made-humanoid-robots-targeting-china-over-national-security.html,,English,Tesla,TSLA,unknown,0.9
20260730T021500Z,"The cheapest and longest lasting electric car battery is the one nobody wants to recycle , and Colorado passed a law to fix the math before those packs become hazardous waste",https://www.ecoticias.com/en/the-cheapest-and-longest-lasting-electric-car-battery-is-the-one-nobody-wants-to-recycle-and-colorado-passed-a-law-to-fix-the-math-before-those-packs-become-hazardous-waste/35018/,,English,Tesla,TSLA,unknown,0.9
20260730T020000Z,Rivian R2 Fails Real World Range Test Miserably,https://www.torquenews.com/1083/rivian-r2-fails-real-world-range-test-miserably,,English,Tesla,TSLA,unknown,0.9
20260729T233000Z,US bans foreign - made humanoid robots . Here why,https://www.ksla.com/2026/07/29/us-bans-foreign-made-humanoid-robots-heres-why/,,English,Tesla,TSLA,unknown,0.9
20260729T231500Z,Fired Tesla Robotaxi Supervisor Files Suit In Houston,https://cleantechnica.com/2026/07/29/fired-tesla-robotaxi-supervisor-files-suit-in-houston/,,English,Tesla,TSLA,unknown,0.9
20260729T230000Z,FCC bans new Chinese robots and power inverters,https://thebusinessjournal.com/us-bans-foreign-made-humanoid-robots-targeting-china-over-national-security/,,English,Tesla,TSLA,unknown,0.9
20260729T223000Z,"U . S . bans foreign - made humanoid robots , targeting China over national security",https://japantoday.com/category/tech/us-bans-foreign-made-humanoid-robots-targeting-china-over-national-security,,English,Tesla,TSLA,unknown,0.9
20260729T214500Z,"US Bans Foreign - Made Humanoid Robots , Targeting China Over National Security",https://www.theyeshivaworld.com/news/general/2580312/us-bans-foreign-made-humanoid-robots-targeting-china-over-national-security.html,,English,Tesla,TSLA,unknown,0.9
20260729T214500Z,"U . S . bans foreign - made humanoid robots , targeting China over national security",https://www.inquirer.com/business/technology/china-us-humanoid-robots-ban-tech-20260729.html,,English,Tesla,TSLA,unknown,0.9
20260729T211500Z,Test driving the low - cost Slate EV pickup truck was nostalgic,https://www.bostonglobe.com/2026/07/29/business/slate-auto-ev-pickup-test-drive/,,English,Tesla,TSLA,unknown,0.9
20260729T210000Z,Tesla Signs Major Solar Deals Amid Surging AI Power Demand,https://dailycaller.com/2026/07/29/tesla-signs-major-solar-deals-amid-surging-ai-power-demand/,,English,Tesla,TSLA,positive,0.9
20260729T204500Z,Rivian R2 : How Much Range Does It Really Have On The Highway ? ,https://insideevs.com:443/news/803120/rivian-r2-range-test-highway/,,English,Tesla,TSLA,unknown,0.9
20260729T194500Z,"US bans foreign - made humanoid robots , targeting China over national security",https://mymotherlode.com/news/national/11024558/us-bans-foreign-made-humanoid-robots-targeting-china-over-national-security.html,,English,Tesla,TSLA,unknown,0.9
20260729T194500Z,"US bans foreign - made humanoid robots , targeting China over security",https://www.broomfieldenterprise.com/2026/07/29/us-ban-foreign-made-humanoid-robots-china/,,English,Tesla,TSLA,unknown,0.9
20260729T193000Z,"US bans foreign - made humanoid robots , targeting China over security",https://www.lowellsun.com/2026/07/29/us-ban-foreign-made-humanoid-robots-china/,,English,Tesla,TSLA,unknown,0.9
20260729T193000Z,US bans foreign - made humanoid robots . Here why,https://www.ktiv.com/2026/07/29/us-bans-foreign-made-humanoid-robots-heres-why/,,English,Tesla,TSLA,unknown,0.9
20260729T191500Z,"US bans foreign - made humanoid robots , targeting China over security",https://www.citizensvoice.com/2026/07/29/us-ban-foreign-made-humanoid-robots-china/,,English,Tesla,TSLA,unknown,0.9
20260729T191500Z,"US bans foreign - made humanoid robots , targeting China over security",https://www.republicanherald.com/2026/07/29/us-ban-foreign-made-humanoid-robots-china/,,English,Tesla,TSLA,unknown,0.9
20260729T184500Z,Tesla promises free solar - powered travel with new  Supercharger  tech – Engineering Evil,https://engineeringevil.com/2012/09/25/tesla-promises-free-solar-powered-travel-with-new-supercharger-tech/,,English,Tesla,TSLA,positive,0.9
20260729T181500Z,"US bans foreign - made humanoid robots , targets China over national security",https://tribuneonlineng.com/us-bans-foreign-made-humanoid-robots-targets-china-over-national-security/,,English,Tesla,TSLA,unknown,0.9
20260729T180000Z,"US bans foreign - made humanoid robots , targeting China over security",https://www.advocate-news.com/2026/07/29/us-ban-foreign-made-humanoid-robots-china/,,English,Tesla,TSLA,unknown,0.9
20260729T180000Z,US bans imports of new Chinese robots over security concerns,https://www.aljazeera.com/economy/2026/7/29/us-bans-imports-of-new-chinese-robots-over-security-concerns,,English,Tesla,TSLA,unknown,0.9
20260729T180000Z,"US bans foreign - made humanoid robots , targeting China over security",https://www.twincities.com/2026/07/29/us-ban-foreign-made-humanoid-robots-china/,,English,Tesla,TSLA,unknown,0.9
20260729T174500Z,"US bans foreign - made humanoid robots , targeting China over security",https://www.sandiegouniontribune.com/2026/07/29/us-ban-foreign-made-humanoid-robots-china/,,English,Tesla,TSLA,unknown,0.9
20260729T174500Z,"US bans foreign - made humanoid robots , targeting China over national security",https://www.abc12.com/news/us-bans-foreign-made-humanoid-robots-targeting-china-over-national-security/article_156018c8-db6e-5ea4-9d54-095788dbd4a6.html,,English,Tesla,TSLA,unknown,0.9
20260729T173000Z,FCC Bans Chinese Humanoid Robots and Power Inverters Linked to Confirmed Backdoors,https://www.techtimes.com/articles/321890/20260728/fcc-bans-chinese-humanoid-robots-power-inverters-linked-confirmed-backdoors.htm,,English,Tesla,TSLA,unknown,0.9
20260729T173000Z,"US bans foreign - made humanoid robots , targeting China over security",https://www.greeleytribune.com/2026/07/29/us-ban-foreign-made-humanoid-robots-china/,,English,Tesla,TSLA,unknown,0.9
20260729T173000Z,"US bans foreign - made humanoid robots , targeting China over security",https://www.reporterherald.com/2026/07/29/us-ban-foreign-made-humanoid-robots-china/,,English,Tesla,TSLA,unknown,0.9
20260729T173000Z,"US bans foreign - made humanoid robots , targeting China over security",https://www.orovillemr.com/2026/07/29/us-ban-foreign-made-humanoid-robots-china/,,English,Tesla,TSLA,unknown,0.9
20260729T173000Z,"US bans foreign - made humanoid robots , targeting China over security",https://www.eptrail.com/2026/07/29/us-ban-foreign-made-humanoid-robots-china/,,English,Tesla,TSLA,unknown,0.9
20260729T171500Z,"US bans foreign - made humanoid robots , targeting China over security",https://www.akronnewsreporter.com/2026/07/29/us-ban-foreign-made-humanoid-robots-china/,,English,Tesla,TSLA,unknown,0.9
20260729T170000Z,"US bans foreign - made humanoid robots , targeting China over security",https://www.dailydemocrat.com/2026/07/29/us-ban-foreign-made-humanoid-robots-china/,,English,Tesla,TSLA,unknown,0.9
20260729T164500Z,"US bans foreign - made humanoid robots , targeting China over national security",https://www.adn.com/nation-world/2026/07/29/us-bans-foreign-made-humanoid-robots-targeting-china-over-national-security/,,English,Tesla,TSLA,unknown,0.9
20260729T161500Z,"US bans foreign - made humanoid robots , targeting China over security",https://www.ocregister.com/2026/07/29/us-ban-foreign-made-humanoid-robots-china/,,English,Tesla,TSLA,unknown,0.9
20260729T160000Z,"US bans foreign - made humanoid robots , targeting China over security",https://www.pressdemocrat.com/2026/07/29/us-ban-foreign-made-humanoid-robots-china/,,English,Tesla,TSLA,unknown,0.9
20260729T160000Z,US Bans Chinese and Foreign - Made Humanoid Robots,https://en.tempo.co/read/2116000/us-bans-chinese-and-foreign-made-humanoid-robots,,English,Tesla,TSLA,unknown,0.9
20260729T160000Z,US restricts humanoid robot imports from China over national security concerns,https://www.businesstoday.in/world/us/story/us-restricts-humanoid-robot-imports-from-china-over-national-security-concerns-546116-2026-07-29,,English,Tesla,TSLA,unknown,0.9
20260729T160000Z,"US bans foreign - made humanoid robots , targeting China over security",https://www.dailynews.com/2026/07/29/us-ban-foreign-made-humanoid-robots-china/,,English,Tesla,TSLA,unknown,0.9
20260729T140000Z,US bans foreign - made humanoid robots . Here why,https://www.fox8live.com/2026/07/29/us-bans-foreign-made-humanoid-robots-heres-why/,,English,Tesla,TSLA,unknown,0.9
20260729T140000Z,fDi Intelligence – Your source for foreign direct investment information,https://www.fdiintelligence.com/content/aaf57758-1d71-47a4-8dac-570433f24a7b,,English,Tesla,TSLA,unknown,0.9
20260729T133000Z,"US bans imports of foreign - made humanoid robots ahead of Trump - Xi meet , targets China - dominated market",https://www.hindustantimes.com/world-news/us-bans-imports-of-foreign-made-humanoid-robots-power-inverters-china-market-trump-xi-meeting-101785315744164.html,,English,Tesla,TSLA,unknown,0.9
20260729T130000Z,"US bans foreign - made humanoid robots , targeting China over national security",https://www.ktbs.com/news/business/us-bans-foreign-made-humanoid-robots-targeting-china-over-national-security/article_df7286c4-be4d-575e-9e31-3e0bbaa78ff5.html,,English,Tesla,TSLA,unknown,0.9
20260729T130000Z,US : Tesla and Zelestra agree to a long - term solar PPA in Texas,https://www.energy-pedia.com/news/usa/tesla-and-zelestra-agree-to-a-long-term-solar-ppa-in-texas-204769,,English,Tesla,TSLA,positive,0.9
20260729T121500Z,"US bans foreign - made humanoid robots , targeting China",https://www.koat.com/article/fcc-bans-foreign-made-humanoid-robots-power-inverters/73292615,,English,Tesla,TSLA,unknown,0.9
20260729T120000Z,"US bans foreign - made humanoid robots , targeting China",https://www.wgal.com/article/fcc-bans-foreign-made-humanoid-robots-power-inverters/73292615,,English,Tesla,TSLA,unknown,0.9
20260729T120000Z,Humanoid robot imports banned as U . S . targets Chinese products over national security concerns,https://www.cbsnews.com/news/humanoid-robots-imports-us-ban-china-national-security-concerns/,,English,Tesla,TSLA,unknown,0.9
20260729T113000Z,"US bans foreign - made humanoid robots , targeting China",https://www.wgauradio.com/news/business/us-bans-foreign-made/MFECSB5ZE46UPIVSPDAFDGHAFE/,,English,Tesla,TSLA,unknown,0.9
20260729T104500Z,"US bans foreign - made humanoid robots , targeting China",https://www.wpbf.com/article/fcc-bans-foreign-made-humanoid-robots-power-inverters/73292615,,English,Tesla,TSLA,unknown,0.9
20260729T104500Z,"CAPTURING A DAY POWER NEEDS FOR 474 , 000 HOMES - Manteca Bulletin",https://www.mantecabulletin.com/news/local-news/capturing-a-days-power-needs-for-474000-homes/,,English,Tesla,TSLA,unknown,0.9
20260729T104500Z,"US bans foreign - made humanoid robots , targeting China",https://www.4029tv.com/article/fcc-bans-foreign-made-humanoid-robots-power-inverters/73292615,,English,Tesla,TSLA,unknown,0.9
20260729T104500Z,"US bans foreign - made humanoid robots , targeting China over national security",https://www.asiaone.com/world/us-bans-foreign-made-humanoid-robots-targeting-china-over-national-security,,English,Tesla,TSLA,unknown,0.9
20260729T094500Z,"US bans foreign - made humanoid robots , targeting China over national security",https://www.mankatofreepress.com/news/business/us-bans-foreign-made-humanoid-robots-targeting-china-over-national-security/article_90e403e0-b918-5232-99ac-2b0daa3bd64e.html,,English,Tesla,TSLA,unknown,0.9
20260729T091500Z,"US bans foreign - made humanoid robots , targeting China over national security",https://www.durangoherald.com/articles/associated-press/us-bans-foreign-made-humanoid-robots-targeting-china-over-national-security/,,English,Tesla,TSLA,unknown,0.9
20260729T084500Z,Trump administration bans new Chinese humanoid robot imports,https://www.samaa.tv/2087354357-trump-administration-bans-new-chinese-humanoid-robot-imports,,English,Tesla,TSLA,unknown,0.9
20260729T073000Z,Trump administration bans new Chinese humanoid robots,https://thefrontierpost.com/trump-administration-bans-new-chinese-humanoid-robots/,,English,Tesla,TSLA,unknown,0.9
20260729T043000Z,US government bans humanoid robots manufactured abroad,https://www.manilatimes.net/2026/07/29/business/sunday-business-it/us-government-bans-humanoid-robots-manufactured-abroad/2393689,,English,Tesla,TSLA,unknown,0.9
20260729T034500Z,US government bans humanoid robots manufactured abroad,https://www.digitaljournal.com/article/us-government-bans-humanoid-robots-manufactured-abroad/,,English,Tesla,TSLA,unknown,0.9
20260729T030000Z,"Scared by tech debt deluge , investors are questioning the AI boom",https://www.brisbanetimes.com.au/business/markets/scared-by-tech-s-debt-deluge-investors-are-questioning-the-ai-boom-20260729-p60jhr.html,,English,Tesla,TSLA,unknown,0.9
20260729T024500Z,"Scared by tech debt deluge , investors are questioning the AI boom",https://www.smh.com.au/business/markets/scared-by-tech-s-debt-deluge-investors-are-questioning-the-ai-boom-20260729-p60jhr.html,,English,Tesla,TSLA,unknown,0.9
20260729T024500Z,US government bans humanoid robots manufactured abroad,https://www.thestar.com.my/tech/tech-news/2026/07/29/us-government-bans-humanoid-robots-manufactured-abroad,,English,Tesla,TSLA,unknown,0.9
20260729T021500Z,US government bans humanoid robots manufactured abroad,https://www.freemalaysiatoday.com/category/business/2026/07/29/us-government-bans-humanoid-robots-manufactured-abroad,,English,Tesla,TSLA,unknown,0.9
20260729T013000Z,"United States Bans Chinese Humanoid & Quadruped Robots , Citing National Security",https://www.forbes.com/sites/johnkoetsier/2026/07/28/united-states-bans-chinese-humanoid--quadruped-robots-citing-national-security/,,English,Tesla,TSLA,unknown,0.9
20260729T013000Z,Elon Musk Shifts Tesla Solar Ambitions From Homes to AI,https://www.businessinsider.com/tesla-elon-musk-ai-solar-ambitions-contourglobal-power-purchase-agreement-2026-7,,English,Tesla,TSLA,positive,0.9
20260729T013000Z,Fired Tesla Manager Says Full Self - Driving Cars Were  Rolling Hazards  ,https://www.engadget.com/2225645/tesla-full-self-driving-cars-were-rolling-hazards-fired-manager/,,English,Tesla,TSLA,unknown,0.9
20260729T013000Z,"Georgia Power breaks ground on Plant Bowen gas , battery expansion",https://www.atlantanewsfirst.com/2026/07/28/georgia-power-breaks-ground-plant-bowen-gas-battery-expansion/,,English,Tesla,TSLA,unknown,0.9
20260729T013000Z,Trump administration bans new Chinese humanoid robots,https://www.bbc.co.uk/news/articles/cp9e2ex3ekyo,,English,Tesla,TSLA,unknown,0.9
20260729T010000Z,New Lawsuit From Tesla Manager Calls Self - Driving EVs  Rolling Hazards  ,https://www.bgr.com/2225667/tesla-lawsuit-manager-self-driving-evs-safety-hazard/,,English,Tesla,TSLA,negative,0.9
20260729T004500Z,"For Electric Cars To Be Viable , Charging Station Locations Need To Be Optimized",http://science20.com/hank_campbell/for_electric_cars_to_be_viable_charging_station_locations_need_to_be_optimized-256099,,English,Tesla,TSLA,unknown,0.9
20260728T231500Z,"Tesla Sues Cybertruck Supplier Over Plant Closure , Alleged Automaker Lockout",https://www.roadandtrack.com/news/a73284750/tesla-sues-cybertruck-supplier-report/,,English,Tesla,TSLA,unknown,0.9
20260728T223000Z,Meta Breaks Renewable Energy Promise To Power Data Centers - Meta Platforms ( NASDAQ : META ) ,https://www.benzinga.com/markets/tech/26/07/60747140/meta-breaks-renewable-energy-promise-data-centers,,English,Tesla,TSLA,positive,0.9
20260728T210000Z,Entering Solartopia,https://www.dailykos.com/stories/2026/7/28/800076360/community/entering-solartopia/,,English,Tesla,TSLA,positive,0.5
20260728T203000Z,Tesla wins bid to revive united kingdom lawsuit for 5G patents licence,https://finance.yahoo.com/technology/articles/tesla-wins-bid-revive-uk-113905294.html,,English,Tesla,TSLA,negative,0.9
20260728T200000Z,The Feds Are Getting Serious About Ending Dumb Electric Door Handles . Eventually,https://carbuzz.com/nhtsa-new-rules-electric-door-handles-july-2026/,,English,Tesla,TSLA,unknown,0.9
20260728T200000Z,Tesla vs Rivian Reliability : Real - Life Dependability Expectations,https://carbuzz.com/tesla-vs-rivian-reliability-compared/,,English,Tesla,TSLA,unknown,0.9
20260728T194500Z,Mid - Day Digest,https://patriotpost.us/digests/129476-mid-day-digest-2026-07-28,,English,Tesla,TSLA,unknown,0.5
20260728T161500Z,"Renewable energy news :  Tesla ,  Bondada , Georgia Power",https://greentechlead.com/energy-news/renewable-energy-news-tesla-bondada-georgia-power-54426,,English,Tesla,TSLA,positive,0.9
20260728T150000Z,Trump Isolationism Is Losing the Great E . V . Race,https://www.chinatechnews.com/2026/07/28/126352-trumps-isolationism-is-losing-the-great-e-v-race,,English,Tesla,TSLA,unknown,0.9
20260728T133000Z,"Tesla manager says self - driving vehicle team was so overworked that cars were  rolling hazards on public streets , lawsuit reveals",https://www.independent.co.uk/news/world/americas/tesla-self-driving-safety-lapses-whistleblower-lawsuit-b3022635.html,,English,Tesla,TSLA,negative,0.9
20260728T133000Z,E - Week Highlights : Ford and Geely Form Spanish Joint Venture ; Tesla Q2 Net Profit Slips 5 % to $1 . 1 Billion,https://autonews.gasgoo.com/articles/news/e-week-highlights-ford-and-geely-form-spanish-joint-venture-tesla-q2-net-profit-slips-5-to-11-billion-2081951000880451585,,English,Tesla,TSLA,unknown,0.9
20260728T111500Z,BTU Class Reminder : Peabody Investors are Reminded of the Upcoming August 24 Deadline in the Filed Securities Fraud Class Action to Recover Losses,http://www.prnewswire.com/news-releases/btu-class-reminder-peabody-investors-are-reminded-of-the-upcoming-august-24-deadline-in-the-filed-securities-fraud-class-action-to-recover-losses-302835942.html,,English,Tesla,TSLA,unknown,0.9
20260728T111500Z,IBM Investor Reminder : IBM Investors are Reminded of the Ongoing Securities Fraud Investigation to Recover Investment Losses after Stock Drops 25 % ,http://www.prnewswire.com/news-releases/ibm-investor-reminder-ibm-investors-are-reminded-of-the-ongoing-securities-fraud-investigation-to-recover-investment-losses-after-stock-drops-25-302835959.html,,English,Tesla,TSLA,unknown,0.9
20260728T111500Z,EQPT Class Reminder : EquipmentShare Investors are Reminded of the Upcoming September 21 Deadline in the Filed Securities Fraud Class Action to Recover Losses,http://www.prnewswire.com/news-releases/eqpt-class-reminder-equipmentshare-investors-are-reminded-of-the-upcoming-september-21-deadline-in-the-filed-securities-fraud-class-action-to-recover-losses-302835946.html,,English,Tesla,TSLA,unknown,0.9
20260728T111500Z,PLNT Class Reminder : Planet Fitness Investors are Reminded of the Upcoming September 14 Deadline in the Filed Securities Fraud Class Action to Recover Losses,http://www.prnewswire.com/news-releases/plnt-class-reminder-planet-fitness-investors-are-reminded-of-the-upcoming-september-14-deadline-in-the-filed-securities-fraud-class-action-to-recover-losses-302835966.html,,English,Tesla,TSLA,unknown,0.9
20260728T110000Z,"Quantinno Capital Management LP Boosts Position in Tesla , Inc . $TSLA",https://www.themarketsdaily.com/2026/07/28/quantinno-capital-management-lp-boosts-position-in-tesla-inc-tsla.html,,English,Tesla,TSLA,unknown,0.9
20260728T094500Z,Musk - Altman Feud Latest : xAI Appeals to Ninth Circuit as Public Insults Escalate After Trial Loss,https://www.ibtimes.com.au/elon-musk-sam-altman-legal-battle-1873120,,English,Tesla,TSLA,unknown,0.9
20260728T093000Z,10 Terrifying Forces Scientists Recreated in the Lab,https://listverse.com/2026/07/28/10-terrifying-forces-scientists-recreated-in-the-lab/,,English,Tesla,TSLA,unknown,0.9
20260728T090000Z,Mercedes C - Class Electric review,https://www.autoexpress.co.uk/mercedes/c-class/electric,,English,Tesla,TSLA,unknown,0.9
20260728T083000Z,Why Formula E looms as a huge threat to F1 | Geelong Advertiser,https://www.geelongadvertiser.com.au/motoring/motoring-news/why-formula-e-looms-as-a-huge-threat-to-f1/news-story/91b371926e4cd73062ed012ea03d27d9?nk=49f9fb935812e696a649cb7c4f8c6b1a-1785226628,,English,Tesla,TSLA,unknown,0.9
20260728T083000Z,Why Formula E looms as a huge threat to F1,https://www.cairnspost.com.au/motoring/motoring-news/why-formula-e-looms-as-a-huge-threat-to-f1/news-story/91b371926e4cd73062ed012ea03d27d9?nk=de71959ecdfe7e3645192d05dd410679-1785226616,,English,Tesla,TSLA,unknown,0.9
20260728T083000Z,Why Formula E looms as a huge threat to F1 | Townsville Bulletin,https://www.townsvillebulletin.com.au/motoring/motoring-news/why-formula-e-looms-as-a-huge-threat-to-f1/news-story/91b371926e4cd73062ed012ea03d27d9?nk=cb07aeffaaed76ad4ed46b2467dc0613-1785226592,,English,Tesla,TSLA,unknown,0.9
20260728T061500Z,E - Week Highlights : Ford and Geely Form Spanish Joint Venture ; Tesla Q2 Net Profit Slips 5 % to $1 . 1 Billion,https://autonews.gasgoo.com/articles/market-industry/e-week-highlights-ford-and-geely-form-spanish-joint-venture-tesla-q2-net-profit-slips-5-to-11-billion-2081951000880451585,,English,Tesla,TSLA,unknown,0.9
20260728T051500Z,AP News in Brief at 12 : 04 a . m . EDT,http://www.thegazette.com/news/national/ap-news-in-brief-at-12-04-a-m-edt/article_a3c0c286-e243-5b8d-be9a-cc7a39dfab78.html,,English,Tesla,TSLA,unknown,0.9
20260728T050000Z,AP News in Brief at 12 : 04 a . m . EDT,https://www.smdailyjournal.com/news/national/ap-news-in-brief-at-12-04-a-m-edt/article_1f2c6468-7952-5a7f-b551-88cd095e3251.html,,English,Tesla,TSLA,unknown,0.9
20260728T043000Z,AP News in Brief at 11 : 04 p . m . EDT,https://www.idahostatejournal.com/news/national/ap-news-in-brief-at-11-04-p-m-edt/article_09c61863-3b72-58d5-97f6-45a0f6f460f0.html,,English,Tesla,TSLA,unknown,0.9
20260728T043000Z,AP News in Brief at 12 : 04 a . m . EDT,http://www.hngnews.com/nation_world/ap-news-in-brief-at-12-04-a-m-edt/article_130d20cb-fa20-5d25-b02f-87a300908950.html,,English,Tesla,TSLA,unknown,0.9
20260728T043000Z,AP News in Brief at 11 : 04 p . m . EDT,http://www.hngnews.com/nation_world/ap-news-in-brief-at-11-04-p-m-edt/article_92f823db-bf9d-55ee-a827-c9805237ccbd.html,,English,Tesla,TSLA,unknown,0.9
20260728T041500Z,Mercedes C - Class Electric review,https://www.autoexpress.co.uk/mercedes/c-class-electric/369175/mercedes-c-class-electric-review,,English,Tesla,TSLA,unknown,0.9
20260728T033000Z,Africa  Tesla Paradox  Shows How EV Supply Chains Shift Costs to Mineral - Rich Nations,https://www.azom.com/news.aspx?NewsID=65652,,English,Tesla,TSLA,unknown,0.9
20260728T021500Z,AP News in Brief at 9 : 04 p . m . EDT,http://www.thegazette.com/news/national/ap-news-in-brief-at-9-04-p-m-edt/article_4dcace7b-78b7-5908-ad6d-15a725bf06db.html,,English,Tesla,TSLA,unknown,0.9
20260728T021500Z,AP News in Brief at 9 : 04 p . m . EDT,http://www.idahostatejournal.com/news/national/ap-news-in-brief-at-9-04-p-m-edt/article_09c61863-3b72-58d5-97f6-45a0f6f460f0.html,,English,Tesla,TSLA,unknown,0.9
20260728T014500Z,Best EVs for Long Road Trips That Actually Work,https://www.aceshowbiz.com/news/view/00260413.html,,English,Tesla,TSLA,unknown,0.9
20260728T014500Z,Drowning chicks and premature deaths : the gang - gang tragedy | The Canberra Times,https://www.canberratimes.com.au/story/9318446/drowning-chicks-and-premature-deaths-the-gang-gang-tragedy/,,English,Tesla,TSLA,unknown,0.9
20260728T003000Z,International Business : Tesla wins bid to revive united kingdom lawsuit for patents licence,https://www.gdnonline.com:443/Details/1401840/Tesla-wins-bid-to-revive-UK-lawsuit-for-patents-licence,,English,Tesla,TSLA,negative,0.9
20260727T231500Z,"Sudden success , decades in the making",https://www.interest.co.nz/technology/139553/twenty-years-ago-china-bet-big-electric-vehicles-now-western-carmakers-are,,English,Tesla,TSLA,unknown,0.9
20260727T211500Z,Tesla Stock Slips Despite Major united kingdom Supreme Court Victory in 5G Patent Fight,https://finance.yahoo.com/markets/stocks/articles/tesla-stock-slips-despite-major-205227482.html,,English,Tesla,TSLA,unknown,0.9
20260727T203000Z,$EQPT Legal Notice : EquipmentShare Sued on Behalf of Investors Over ... ,https://www.pr-inside.com/eqpt-legal-notice-equipmentshare-sued-on-behalf-of-investors-over-r5205226.htm,,English,Tesla,TSLA,unknown,0.9
20260727T203000Z,$GTM Legal Notice : ZoomInfo Sued on Behalf of Investors Over Misstatements ... ,https://www.pr-inside.com/gtm-legal-notice-zoominfo-sued-on-behalf-of-investors-over-misstatements-r5205228.htm,,English,Tesla,TSLA,unknown,0.9
20260727T203000Z,$PODD Legal Notice : Insulet Sued on Behalf of Investors Over Misstatements ... ,https://www.pr-inside.com/podd-legal-notice-insulet-sued-on-behalf-of-investors-over-misstatements-r5205235.htm,,English,Tesla,TSLA,unknown,0.9
20260727T203000Z,$INTU Legal Notice : Intuit Sued on behalf of Investors Over Misstatements ... ,https://www.pr-inside.com/intu-legal-notice-intuit-sued-on-behalf-of-investors-over-misstatements-r5205231.htm,,English,Tesla,TSLA,unknown,0.9
20260727T203000Z,$MSFT Legal Notice : Microsoft Sued on behalf of Investors Over Misstatements ... ,https://www.pr-inside.com/msft-legal-notice-microsoft-sued-on-behalf-of-investors-over-misstatements-r5205232.htm,,English,Tesla,TSLA,unknown,0.9
20260727T201500Z,Potsdam town board tables moratorium on battery energy storage,"http://northcountrynow.com/stories/potsdam-town-board-tables-moratorium-on-battery-energy-storage,382657",,English,Tesla,TSLA,unknown,0.9
20260727T194500Z,"Beyond compliance , India road to cleaner mobility",https://www.thehindu.com/opinion/lead/beyond-compliance-indias-road-to-cleaner-mobility/article71273564.ece,,English,Tesla,TSLA,unknown,0.9
20260727T194500Z,Tesla Wins united kingdom Appeal in 5G Patent Licensing Case,https://finance.yahoo.com/technology/articles/tesla-wins-uk-appeal-5g-191811598.html,,English,Tesla,TSLA,unknown,0.9
20260727T193000Z,Federal employee sues Tesla after  Insane  acceleration mode for test drive caused her to crash into building,https://www.independent.co.uk/news/world/americas/tesla-crash-acceleration-mode-lawsuit-b3022395.html,,English,Tesla,TSLA,unknown,0.9
20260727T190000Z,Tesla wins bid to revive united kingdom lawsuit for 5G patents licence,https://auto.economictimes.indiatimes.com/news/auto-technology/tesla-wins-bid-to-revive-uk-lawsuit-for-5g-patents-licence/132664026,,English,Tesla,TSLA,negative,0.9
20260727T171500Z,"Dell Upgraded , Tesla Downgraded : Updated Rankings on Top Blue - Chip Stocks",https://investorplace.com/market360/2026/07/20260727-blue-chip-upgrades-downgrades/,,English,Tesla,TSLA,unknown,0.9
20260727T164500Z,Short Story Contest 2026 - The Eagle and the Crow,https://www.paloaltoonline.com/short-story/2026/07/24/short-story-contest-2026-the-eagle-and-the-crow/,,English,Tesla,TSLA,unknown,0.9
20260727T144500Z,The Hunt For Natural Hydrogen Shifts To The Philippines,https://www.forbes.com/sites/current-climate/2026/07/27/the-hunt-for-natural-hydrogen-shifts-to-the-philippines/,,English,Tesla,TSLA,unknown,0.9
20260727T121500Z,Tesla wins bid to revive united kingdom lawsuit for 5G patents licence,https://finance.yahoo.com/technology/articles/tesla-wins-bid-revive-uk-114206245.html,,English,Tesla,TSLA,negative,0.9
20260727T054500Z,Why Formula E looms as a huge threat to F1,https://www.cairnspost.com.au/motoring/motoring-news/why-formula-e-looms-as-a-huge-threat-to-f1/news-story/91b371926e4cd73062ed012ea03d27d9?nk=ce02e411ef2efc970d80b905a2dd267b-1785130303,,English,Tesla,TSLA,unknown,0.9
20260727T054500Z,Why Formula E looms as a huge threat to F1 | Geelong Advertiser,https://www.geelongadvertiser.com.au/motoring/motoring-news/why-formula-e-looms-as-a-huge-threat-to-f1/news-story/91b371926e4cd73062ed012ea03d27d9?nk=20e38e1b62449b66f6ce9c59aa947074-1785130287,,English,Tesla,TSLA,unknown,0.9
20260727T023000Z,Four megacaps and some high flyers and oil companies highlight the weekly US earning calendar,https://investinglive.com/stocks/four-megacaps-and-some-high-flyers-and-oil-companies-highlight-the-weekly-us-earning-calendar/,,English,Tesla,TSLA,unknown,0.9
20260726T213000Z,"A new sodium - metal battery charges in just 4 minutes and keeps its capacity for years , a number that sounds like a serious hit against today battery limits – ECOticias . com",https://www.ecoticias.com/en/a-new-sodium-metal-battery-charges-in-just-4-minutes-and-keeps-its-capacity-for-years-a-number-that-sounds-like-a-serious-hit-against-todays-battery-limits/34923/,,English,Tesla,TSLA,unknown,0.9
20260726T194500Z,Can Apple incoming CEO bring back the product design mojo of the Steve Jobs era ? ,https://finance.yahoo.com/technology/articles/apple-incoming-ceo-bring-back-140000197.html,,English,Tesla,TSLA,unknown,0.9
20260726T141500Z,2026 - 07 - 26 | IBM ( $IBM ) Securities Fraud Investigation Focuses on Alleged Business Deal Shortfall and IBM Z Product Slowdown | TSX : IBM,https://stockhouse.com/news/press-releases/2026/07/26/ibm-ibm-securities-fraud-investigation-focuses-on-alleged-business-deal,,English,Tesla,TSLA,unknown,0.9
20260726T141500Z,2026 - 07 - 26 | Microsoft ( $MSFT ) Investors Notified of August 11 Court Deadline in Securities Fraud Lawsuit Over Copilot Functionality Allegations | TSX : MSFT,https://stockhouse.com/news/press-releases/2026/07/26/microsoft-msft-investors-notified-of-august-11-court-deadline-in-securities,,English,Tesla,TSLA,negative,0.9
20260726T134500Z,Links 7 / 26 / 2026 | naked capitalism,https://www.nakedcapitalism.com/2026/07/links-7-26-2026.html,,English,Tesla,TSLA,unknown,0.9
20260726T131500Z,"A Die - Hard Toyota Fan Abandoned the Tundra , F - 150 , and Silverado - Because the RAM Rebel Destroyed Them All",https://www.torquenews.com/1084/die-hard-toyota-fan-abandoned-tundra-f-150-and-silverado-because-ram-rebel-destroyed-them-all,,English,Tesla,TSLA,unknown,0.9
20260802T081500Z,Ameresco ( AMRC ) Q2 Earnings : What To Expect,https://finance.yahoo.com/markets/stocks/articles/ameresco-amrc-q2-earnings-expect-074057263.html,,English,Amazon,AMZN,unknown,0.9
20260802T081500Z,"As Europe Burns , a Climate Coverup Continues",https://tribune.com.pk/story/2621561/as-europe-burns-a-climate-coverup-continues,,English,Amazon,AMZN,unknown,0.9
20260802T074500Z,am 580 radio station and broadcast media family friendly for small businesses ideas,http://am580radio.com/tags/113758720.html,,English,Amazon,AMZN,unknown,0.9
20260802T050000Z,Bloom Energy or Plug Power : Which Hot Fuel Cell Stock Is a Better Buy in 2026 ? ,https://finance.yahoo.com/energy/articles/bloom-energy-plug-power-hot-211601174.html,,English,Amazon,AMZN,unknown,0.9
20260802T040000Z,"Will Nifty , Sensex extend gains on Monday ? 6 factors which will drive D - Street action this week",https://economictimes.indiatimes.com/markets/stocks/news/will-nifty-sensex-extend-gains-on-monday-6-factors-which-will-drive-d-street-action-this-week/articleshow/132800020.cms,,English,Amazon,AMZN,unknown,0.9
20260802T003000Z,Amazon may owe you money : It just got $600 million in tariff refunds after a lawsuit accused it of favoring Trump,https://finance.yahoo.com/economy/policy/articles/amazon-may-owe-money-just-174836680.html,,English,Amazon,AMZN,negative,0.9
20260802T003000Z,Clarkson University partners with industry executives to launch introduction to manufacturing seminar course,"http://northcountrynow.com/stories/clarkson-university-partners-with-industry-executives-to-launch-introduction-to-manufacturing,383727",,English,Amazon,AMZN,unknown,0.9
20260802T000000Z,Cause for hope in the face of climate change,https://www.pressherald.com/2026/08/01/cause-for-hope-in-the-face-of-climate-change-opinion/,,English,Amazon,AMZN,unknown,0.9
20260801T203000Z,Amazon to issue tariff refunds to some customers : What we know,https://www.fox13news.com/news/amazon-issue-tariff-refunds-some-customers-what-we-know,,English,Amazon,AMZN,unknown,0.9
20260801T203000Z,The ultimate 2022 Google updates round up - Search Engine Watch,https://searchenginewatch.com/2022/12/21/the-ultimate-2022-google-updates-round-up/,,English,Amazon,AMZN,unknown,0.9
20260801T200000Z,New book by White Lake author weaves adventure tale of sailing circumnavigation,https://www.shorelinemedia.net/white_lake_beacon/news/new-book-by-white-lake-author-weaves-adventure-tale-of-sailing-circumnavigation/article_114071e3-ed21-4be2-a609-a276d9de7bfe.html,,English,Amazon,AMZN,unknown,0.9
20260801T200000Z,The 10 Best Crates To Keep Your Pets Comfortable On Planes,https://www.islands.com/2226103/dog-owners-agree-best-travel-crates-keep-dog-comfy-airplane/,,English,Amazon,AMZN,unknown,0.9
20260801T200000Z,"Colombia 2025 forest loss hits two - decade low , government says",https://whbl.com/2026/08/01/colombias-2025-forest-loss-hits-two-decade-low-government-says/,,English,Amazon,AMZN,unknown,0.9
20260801T193000Z,Burglars Are Hiding Cameras to Spy on Homes . Here What to Watch For,https://www.cnet.com/home/security/copy-of-burglars-are-hiding-cameras-to-spy-on-homes-heres-what-to-watch-for/,,English,Amazon,AMZN,unknown,0.9
20260801T191500Z,Business group backs Pax Silica initiative,https://www.philstar.com/business/2026/08/02/2546307/business-group-backs-pax-silica-initiative,,English,Amazon,AMZN,unknown,0.9
20260801T191500Z,Amazon to issue tariff refunds to some customers : What we know,https://www.fox5dc.com/news/amazon-issue-tariff-refunds-some-customers-what-we-know,,English,Amazon,AMZN,unknown,0.9
20260801T181500Z,Life Is Strange Live - Action Adaptation Gets Exciting Filming Update,https://screenrant.com/life-is-strange-adaptation-update-silas-howard/,,English,Amazon,AMZN,unknown,0.9
20260801T181500Z,"Colombia 2025 forest loss hits two - decade low , government says",https://www.933thedrive.com/2026/08/01/colombias-2025-forest-loss-hits-two-decade-low-government-says/,,English,Amazon,AMZN,unknown,0.9
20260801T180000Z,Amazon to issue tariff refunds to some customers : What we know,https://www.foxla.com/news/amazon-issue-tariff-refunds-some-customers-what-we-know,,English,Amazon,AMZN,unknown,0.9
20260801T174500Z,"Delhi HC protects Yuvraj Singh personality rights , says AI - generated deepfakes , unauthorised commercial use tarnish reputation , violate law",http://www.calcuttanews.net/news/279218718/delhi-hc-protects-yuvraj-singh-personality-rights-says-ai-generated-deepfakes-unauthorised-commercial-use-tarnish-reputation-violate-law,,English,Amazon,AMZN,unknown,0.9
20260801T161500Z,"Delhi HC protects Yuvraj Singh personality rights , says AI - generated deepfakes , unauthorised commercial use tarnish reputation , violate law",http://www.bignewsnetwork.com/news/279218718/delhi-hc-protects-yuvraj-singh-personality-rights-says-ai-generated-deepfakes-unauthorised-commercial-use-tarnish-reputation-violate-law,,English,Amazon,AMZN,unknown,0.9
20260801T160000Z,"Amazon gets ₹5 , 250 crore tariff refund , says eligible customers will receive automatic refunds",https://www.livemint.com/companies/news/amazon-gets-5-250-crore-tariff-refund-says-eligible-customers-will-receive-automatic-refunds-11785593358210.html,,English,Amazon,AMZN,unknown,0.9
20260801T153000Z,"Uber is building an autonomous vehicle empire , and here every company it using to do it",https://techcrunch.com/2026/08/01/ubers-autonomous-vehicle-deal-tracker/,,English,Amazon,AMZN,unknown,0.9
20260801T151500Z,"Greenidge shifts to data center , new name",https://www.fltimes.com/news/greenidge-shifts-to-data-center-new-name/article_f02f7713-5241-4461-888a-cfa32d61b86d.html,,English,Amazon,AMZN,unknown,0.9
20260801T141500Z,  Flight of the Navigator  at 40 : the Disney space movie that messed with time dilation long before  Interstellar  ,https://www.space.com/entertainment/space-movies-shows/flight-of-the-navigator-at-40-the-disney-space-movie-that-messed-with-time-dilation-long-before-interstellar,,English,Amazon,AMZN,unknown,0.9
20260801T141500Z,"Delhi HC protects Yuvraj Singh personality rights , says AI - generated deepfakes , unauthorised commercial use tarnish reputation , violate law",https://aninews.in/news/national/general-news/delhi-hc-protects-yuvraj-singhs-personality-rights-says-ai-generated-deepfakes-unauthorised-commercial-use-tarnish-reputation-violate-law20260801182110/,,English,Amazon,AMZN,unknown,0.9
20260801T140000Z,"Where Pa . governor candidates Garrity and Shapiro stand on energy costs , the environment , and more",https://www.mcall.com/2026/08/01/pa-election-2026-where-governor-candidates-garrity-and-shapiro-stand-on-energy-costs-the-environment-and-more/,,English,Amazon,AMZN,unknown,0.9
20260801T134500Z,Saturday Steals - WTOP News,https://wtop.com/blog/2026/08/saturday-steals/,,English,Amazon,AMZN,unknown,0.9
20260801T130000Z,Fauquier judge denies Citizens for Fauquier County request ... ,https://www.rappnews.com/crime-courts/fauquier-judge-denies-citizens-for-fauquier-countys-request-to-join-amazon-data-center-lawsuit-b9e3812f,,English,Amazon,AMZN,unknown,0.9
20260801T110000Z,Brazil Japan Visa Waiver Extended to 2029 : What Travelers Should Know,https://www.riotimesonline.com/brazil-japan-visa-waiver-extended-2029/,,English,Amazon,AMZN,unknown,0.9
20260801T101500Z,"  Cure , Pure , Rare are Telangana growth engine : CM Reddy rolls out the red carpet for investors under Telangana Rising Vision 2047",http://www.japanherald.com/news/279218328/cure-pure-rare-are-telangana-growth-engines-cm-reddy-rolls-out-the-red-carpet-for-investors-under-telangana-rising-vision-2047,,English,Amazon,AMZN,unknown,0.9
20260801T090000Z,A Final Story : Ray Hall book on Ralph Phillips manhunt finished with help of late talk show host children,https://www.post-journal.com/news/top-stories/2026/08/a-final-story-ray-halls-book-on-ralph-phillips-manhunt-finished-with-help-of-late-talk-show-hosts-children/,,English,Amazon,AMZN,unknown,0.9
20260801T084500Z,"Amazon  Wild Caught  and  Sustainable  Seafood Labels Are Just Greenwashing , New Lawsuit Claims - Amazo",https://www.benzinga.com/news/legal/26/08/60859586/amazons-wild-caught-and-sustainable-seafood-labels-are-just-greenwashing-new-lawsuit-claims,,English,Amazon,AMZN,negative,0.9
20260801T080000Z,"  Cure , Pure , Rare are Telangana growth engine : CM Reddy rolls out the red carpet for investors under Telangana Rising Vision 2047",http://www.europesun.com/news/279218328/cure-pure-rare-are-telangana-growth-engines-cm-reddy-rolls-out-the-red-carpet-for-investors-under-telangana-rising-vision-2047,,English,Amazon,AMZN,unknown,0.9
20260801T080000Z,DXC ( DXC ) Q1 2027 Earnings Call Transcript,https://finance.yahoo.com/markets/stocks/articles/dxc-dxc-q1-2027-earnings-030023372.html,,English,Amazon,AMZN,unknown,0.9
20260801T054500Z,"  Cure , Pure , Rare are Telangana growth engine : CM Reddy rolls out the red carpet for investors under Telangana Rising Vision 2047",http://www.calcuttanews.net/news/279218328/cure-pure-rare-are-telangana-growth-engines-cm-reddy-rolls-out-the-red-carpet-for-investors-under-telangana-rising-vision-2047,,English,Amazon,AMZN,unknown,0.9
20260801T054500Z,"  Cure , Pure , Rare are Telangana growth engine : CM Reddy rolls out the red carpet for investors under Telangana Rising Vision 2047",https://news.webindia123.com/news/Articles/India/20260801/4481797.html,,English,Amazon,AMZN,unknown,0.9
20260801T054500Z,"  Cure , Pure , Rare are Telangana growth engine : CM Reddy rolls out the red carpet for investors under Telangana Rising Vision 2047",http://www.indiagazette.com/news/279218328/cure-pure-rare-are-telangana-growth-engines-cm-reddy-rolls-out-the-red-carpet-for-investors-under-telangana-rising-vision-2047,,English,Amazon,AMZN,unknown,0.9
20260801T043000Z,"  Cure , Pure , Rare are Telangana growth engine : CM Reddy rolls out the red carpet for investors under Telangana Rising Vision 2047",https://aninews.in/news/national/politics/cure-pure-rare-are-telanganas-growth-engines-cm-reddy-rolls-out-the-red-carpet-for-investors-under-telangana-rising-vision-204720260801090848/,,English,Amazon,AMZN,unknown,0.9
20260801T034500Z,Richmond County residents push stricter air quality standards for new Amazon data center,https://www.publicradioeast.org/2026-07-31/richmond-county-residents-push-stricter-air-quality-standards-for-new-amazon-data-center,,English,Amazon,AMZN,unknown,0.9
20260801T031500Z,Cargo Bikes vs Cars Impact - Bike Hugger,https://www.bikehugger.com/posts/cargo-bikes-vs-cars-impact/,,English,Amazon,AMZN,unknown,0.9
20260801T031500Z,Frontlines of the future : AI data centers move in next door,http://www.heraldandnews.com/news/frontlines-of-the-future-ai-data-centers-move-in-next-door/article_107d7185-462f-5674-b8e3-08c6f915a1d8.html,,English,Amazon,AMZN,unknown,0.9
20260731T224500Z,This Developer Went From Financial Peril to Billion - Dollar Deals for DHS,https://truthout.org/articles/this-developer-went-from-financial-peril-to-billion-dollar-deals-for-dhs/,,English,Amazon,AMZN,unknown,0.9
20260731T223000Z,"Warner Bros Antitrust Trial : Paramount Wants 2026 , States Want 2027",https://bleedingcool.com/tv/warner-bros-antitrust-trial-paramount-wants-2026-states-want-2027/,,English,Amazon,AMZN,unknown,0.9
20260731T221500Z,Bloom Energy or Plug Power : Which Hot Fuel Cell Stock Is a Better Buy in 2026 ? ,https://www.fool.com/coverage/better-buy/2026/07/31/bloom-energy-or-plug-power-which-hot-fuel-cell-stock-is-a-better-buy-in-2026/?source=iedfolrf0000001,,English,Amazon,AMZN,unknown,0.9
20260731T214500Z,Corning ( NYSE : GLW ) Trading Up 2 . 5 % – Still a Buy ? ,https://www.themarketsdaily.com/2026/07/31/corning-nyseglw-trading-up-2-5-still-a-buy.html,,English,Amazon,AMZN,unknown,0.9
20260731T214500Z,Amazon sued by consumers over seafood sustainability claims,https://finance.yahoo.com/news/amazon-sued-consumers-over-seafood-190528742.html,,English,Amazon,AMZN,positive,0.9
20260731T214500Z,"Marketing Return on Investment in Zimbabwe : Why the Next Competitive Advantage Will Not Be Bigger Marketing Budgets , But Smarter Marketing Capital Allocation - The Zimbabwe Mail Marketing Return on Investment in Zimbabwe : Why the Next Competitive ...",https://thezimbabwemail.com/markets/marketing-return-on-investment-in-zimbabwe-why-the-next-competitive-advantage-will-not-be-bigger-marketing-budgets-but-smarter-marketing-capital-allocation/,,English,Amazon,AMZN,unknown,0.9
20260731T213000Z,Smoke and Sweat : Cities and Communities for a Warming World,https://freethoughtblogs.com/oceanoxia/2026/07/31/smoke-and-sweat-cities-and-communities-for-a-warming-world/,,English,Amazon,AMZN,unknown,0.9
20260731T213000Z,Amazon sued by consumers over seafood sustainability claims,https://www.livemint.com/companies/amazon-sued-by-consumers-over-seafood-sustainability-claims-11785524702683.html,,English,Amazon,AMZN,positive,0.9
20260731T211500Z,"FTC Sues Hims & Hers Over Alleged Privacy Violations , Subscription Practices",https://www.esecurityplanet.com/cybersecurity/news-ftc-hims-hers-health-data-privacy-lawsuit/,,English,Amazon,AMZN,negative,0.9
20260731T203000Z,Buying a Fan ? My Tests Show Why Airflow Speed Isnt as Important as You Think,https://www.cnet.com/home/kitchen-and-household/buying-a-fan-my-tests-show-why-airflow-rating-isnt-as-important-as-you-think/,,English,Amazon,AMZN,unknown,0.9
20260731T194500Z,Amazon To Return Some Of $600 Million In Tariff Payments Back To Customers,https://whnz.iheart.com/content/2026-07-31-amazon-to-return-some-of-600-million-in-tariff-payments-back-to-customers/,,English,Amazon,AMZN,unknown,0.9
20260731T194500Z,The Weekly Closeout : Macy disappearing billboard and Reformation IPO,https://www.retaildive.com/news/macys-new-york-billboard-reformation-ipo/826618/,,English,Amazon,AMZN,unknown,0.9
20260731T193000Z,Big Tech looms over Minnesota Capitol as lawmakers push regulations,https://www.perhamfocus.com/news/minnesota/big-tech-looms-over-minnesota-capitol-as-lawmakers-push-regulations,,English,Amazon,AMZN,unknown,0.9
20260731T193000Z,Big Tech looms over Minnesota Capitol as lawmakers push regulations,https://www.dl-online.com/news/minnesota/big-tech-looms-over-minnesota-capitol-as-lawmakers-push-regulations,,English,Amazon,AMZN,unknown,0.9
20260731T193000Z,Amazon To Return Some Of $600 Million In Tariff Payments Back To Customers,https://hallelujah955.iheart.com/content/2026-07-31-amazon-to-return-some-of-600-million-in-tariff-payments-back-to-customers/,,English,Amazon,AMZN,unknown,0.9
20260731T190000Z,Big Tech looms over Minnesota Capitol as lawmakers push regulations,https://www.wadenapj.com/news/minnesota/big-tech-looms-over-minnesota-capitol-as-lawmakers-push-regulations,,English,Amazon,AMZN,unknown,0.9
20260731T184500Z,Heavy metals,https://hub.jhu.edu/magazine/2026/summer/rare-earth-minerals-history-and-alternatives/,,English,Amazon,AMZN,unknown,0.5
20260731T184500Z,Amazon To Return Some Of $600 Million In Tariff Payments Back To Customers,https://newsradio1290wtks.iheart.com/content/2026-07-31-amazon-to-return-some-of-600-million-in-tariff-payments-back-to-customers/,,English,Amazon,AMZN,unknown,0.9
20260731T183000Z,Big Tech looms over Minnesota Capitol as lawmakers push regulations,https://www.duluthnewstribune.com/news/minnesota/big-tech-looms-over-minnesota-capitol-as-lawmakers-push-regulations,,English,Amazon,AMZN,unknown,0.9
20260731T183000Z,"Datacom boss on how to beat surging AI costs , questions about local control",https://www.nzherald.co.nz/business/datacom-boss-on-how-to-beat-surging-ai-costs-questions-about-local-control/premium/WLZFCVGHQBFBNLOADJEGSINUGU/,,English,Amazon,AMZN,unknown,0.9
20260731T183000Z,Amazon To Return Some Of $600 Million In Tariff Payments Back To Customers,https://newstalk1090.iheart.com/content/2026-07-31-amazon-to-return-some-of-600-million-in-tariff-payments-back-to-customers/,,English,Amazon,AMZN,unknown,0.9
20260731T183000Z,Big Tech looms over Minnesota Capitol as lawmakers push regulations,https://www.echopress.com/news/minnesota/big-tech-looms-over-minnesota-capitol-as-lawmakers-push-regulations,,English,Amazon,AMZN,unknown,0.9
20260731T183000Z,Amazon To Return Some Of $600 Million In Tariff Payments Back To Customers,https://800wvhu.iheart.com/content/2026-07-31-amazon-to-return-some-of-600-million-in-tariff-payments-back-to-customers/,,English,Amazon,AMZN,unknown,0.9
20260731T181500Z,Amazon To Return Some Of $600 Million In Tariff Payments Back To Customers,https://newsradio1410.iheart.com/content/2026-07-31-amazon-to-return-some-of-600-million-in-tariff-payments-back-to-customers/,,English,Amazon,AMZN,unknown,0.9
20260731T181500Z,Amazon To Return Some Of $600 Million In Tariff Payments Back To Customers | NewsRadio 1370 AM & 92 . 9 FM WSPD,https://wspd.iheart.com/content/2026-07-31-amazon-to-return-some-of-600-million-in-tariff-payments-back-to-customers/,,English,Amazon,AMZN,unknown,0.9
20260731T181500Z,Amazon To Return Some Of $600 Million In Tariff Payments Back To Customers,https://talkradio1080.iheart.com/content/2026-07-31-amazon-to-return-some-of-600-million-in-tariff-payments-back-to-customers/,,English,Amazon,AMZN,unknown,0.9
20260731T181500Z,AP News Summary at 1 : 49 p . m . EDT,https://www.woonsocketcall.com/news/national_and_world_news/ap-news-summary-at-1-49-p-m-edt/article_3e317da9-be78-57d3-bdf0-b2682f60da7f.html,,English,Amazon,AMZN,unknown,0.9
20260731T181500Z,Amazon To Return Some Of $600 Million In Tariff Payments Back To Customers,https://alt1073.iheart.com/content/2026-07-31-amazon-to-return-some-of-600-million-in-tariff-payments-back-to-customers/,,English,Amazon,AMZN,unknown,0.9
20260731T180000Z,Amazon To Return Some Of $600 Million In Tariff Payments Back To Customers,https://wwnc.iheart.com/content/2026-07-31-amazon-to-return-some-of-600-million-in-tariff-payments-back-to-customers/,,English,Amazon,AMZN,unknown,0.9
20260731T180000Z,Amazon To Return Some Of $600 Million In Tariff Payments Back To Customers,https://kste.iheart.com/content/2026-07-31-amazon-to-return-some-of-600-million-in-tariff-payments-back-to-customers/,,English,Amazon,AMZN,unknown,0.9
20260731T180000Z,Microsoft Surged 8 % To Prove $116 Billion AI Deal Isnt A Gamble,https://memeburn.com/microsoft-q4-earnings-ai-bet-paying-off/,,English,Amazon,AMZN,unknown,0.9
20260731T180000Z,Big Tech looms over Minnesota Capitol as lawmakers push regulations,https://www.parkrapidsenterprise.com/news/minnesota/big-tech-looms-over-minnesota-capitol-as-lawmakers-push-regulations,,English,Amazon,AMZN,unknown,0.9
20260731T180000Z,AI Oligarchs Enjoy Superyachts as Their Data Centers Degrade Communities,https://truthout.org/articles/ai-oligarchs-enjoy-superyachts-as-their-data-centers-degrade-communities/,,English,Amazon,AMZN,unknown,0.9
20260731T180000Z,Amazon To Return Some Of $600 Million In Tariff Payments Back To Customers,https://790waeb.iheart.com/content/2026-07-31-amazon-to-return-some-of-600-million-in-tariff-payments-back-to-customers/,,English,Amazon,AMZN,unknown,0.9
20260731T180000Z,Amazon To Return Some Of $600 Million In Tariff Payments Back To Customers,https://wercfm.iheart.com/content/2026-07-31-amazon-to-return-some-of-600-million-in-tariff-payments-back-to-customers/,,English,Amazon,AMZN,unknown,0.9
20260731T180000Z,Amazon To Return Some Of $600 Million In Tariff Payments Back To Customers,https://whyn.iheart.com/content/2026-07-31-amazon-to-return-some-of-600-million-in-tariff-payments-back-to-customers/,,English,Amazon,AMZN,unknown,0.9
20260731T180000Z,Amazon To Return Some Of $600 Million In Tariff Payments Back To Customers,https://wjdx.iheart.com/content/2026-07-31-amazon-to-return-some-of-600-million-in-tariff-payments-back-to-customers/,,English,Amazon,AMZN,unknown,0.9
20260731T180000Z,Amazon To Return Some Of $600 Million In Tariff Payments Back To Customers,https://970kfbx.iheart.com/content/2026-07-31-amazon-to-return-some-of-600-million-in-tariff-payments-back-to-customers/,,English,Amazon,AMZN,unknown,0.9
20260731T180000Z,Amazon To Return Some Of $600 Million In Tariff Payments Back To Customers,https://600wrec.iheart.com/content/2026-07-31-amazon-to-return-some-of-600-million-in-tariff-payments-back-to-customers/,,English,Amazon,AMZN,unknown,0.9
20260731T180000Z,Big Tech looms over Minnesota Capitol as lawmakers push regulations,https://www.inforum.com/news/minnesota/big-tech-looms-over-minnesota-capitol-as-lawmakers-push-regulations,,English,Amazon,AMZN,unknown,0.9
20260731T180000Z,Amazon To Return Some Of $600 Million In Tariff Payments Back To Customers,https://newsradio710.iheart.com/content/2026-07-31-amazon-to-return-some-of-600-million-in-tariff-payments-back-to-customers/,,English,Amazon,AMZN,unknown,0.9
20260731T180000Z,Amazon To Return Some Of $600 Million In Tariff Payments Back To Customers,https://wonw1280.iheart.com/content/2026-07-31-amazon-to-return-some-of-600-million-in-tariff-payments-back-to-customers/,,English,Amazon,AMZN,unknown,0.9
20260731T174500Z,Amazon To Return Some Of $600 Million In Tariff Payments Back To Customers,https://myv101.iheart.com/content/2026-07-31-amazon-to-return-some-of-600-million-in-tariff-payments-back-to-customers/,,English,Amazon,AMZN,unknown,0.9
20260731T170000Z,Amazon To Return Some Of $600 Million In Tariff Payments Back To Customers,https://wbex.iheart.com/content/2026-07-31-amazon-to-return-some-of-600-million-in-tariff-payments-back-to-customers/,,English,Amazon,AMZN,unknown,0.9
20260731T170000Z,Amazon To Return Some Of $600 Million In Tariff Payments Back To Customers,https://570wkbn.iheart.com/content/2026-07-31-amazon-to-return-some-of-600-million-in-tariff-payments-back-to-customers/,,English,Amazon,AMZN,unknown,0.9
20260731T170000Z,Amazon To Return Some Of $600 Million In Tariff Payments Back To Customers,https://b98fm.iheart.com/content/2026-07-31-amazon-to-return-some-of-600-million-in-tariff-payments-back-to-customers/,,English,Amazon,AMZN,unknown,0.9
20260731T170000Z,Amazon To Return Some Of $600 Million In Tariff Payments Back To Customers,https://k97fm.iheart.com/content/2026-07-31-amazon-to-return-some-of-600-million-in-tariff-payments-back-to-customers/,,English,Amazon,AMZN,unknown,0.9
20260731T170000Z,Amazon To Return Some Of $600 Million In Tariff Payments Back To Customers,https://whoradio.iheart.com/content/2026-07-31-amazon-to-return-some-of-600-million-in-tariff-payments-back-to-customers/,,English,Amazon,AMZN,unknown,0.9
20260731T170000Z,Amazon To Return Some Of $600 Million In Tariff Payments Back To Customers,https://650keni.iheart.com/content/2026-07-31-amazon-to-return-some-of-600-million-in-tariff-payments-back-to-customers/,,English,Amazon,AMZN,unknown,0.9
20260731T170000Z,Amazon To Return Some Of $600 Million In Tariff Payments Back To Customers,https://710wor.iheart.com/content/2026-07-31-amazon-to-return-some-of-600-million-in-tariff-payments-back-to-customers/,,English,Amazon,AMZN,unknown,0.9
20260731T170000Z,Big Tech looms over Minnesota Capitol as lawmakers push regulations,https://www.postbulletin.com/news/minnesota/big-tech-looms-over-minnesota-capitol-as-lawmakers-push-regulations,,English,Amazon,AMZN,unknown,0.9
20260731T161500Z,Amazon To Return Some Of $600 Million In Tariff Payments Back To Customers,https://wccfradio.iheart.com/content/2026-07-31-amazon-to-return-some-of-600-million-in-tariff-payments-back-to-customers/,,English,Amazon,AMZN,unknown,0.9
20260731T161500Z,Big Tech looms over Minnesota Capitol as lawmakers push regulations,https://www.wctrib.com/news/minnesota/big-tech-looms-over-minnesota-capitol-as-lawmakers-push-regulations,,English,Amazon,AMZN,unknown,0.9
20260731T161500Z,  The Boss Wants This Money : Inside Trump Unprecedented Fundraising Operation,https://www.hindustantimes.com/world-news/the-boss-wants-this-money-inside-trump-s-unprecedented-fundraising-operation-101785489519231.html,,English,Amazon,AMZN,unknown,0.9
20260731T161500Z,Amazon To Return Some Of $600 Million In Tariff Payments Back To Customers,https://wgy.iheart.com/content/2026-07-31-amazon-to-return-some-of-600-million-in-tariff-payments-back-to-customers/,,English,Amazon,AMZN,unknown,0.9
20260731T160000Z,Amazon To Return Some Of $600 Million In Tariff Payments Back To Customers,https://wflaorlando.iheart.com/content/2026-07-31-amazon-to-return-some-of-600-million-in-tariff-payments-back-to-customers/,,English,Amazon,AMZN,unknown,0.9
20260731T160000Z,Big Tech looms over Minnesota Capitol as lawmakers push regulations,https://www.grandforksherald.com/news/minnesota/big-tech-looms-over-minnesota-capitol-as-lawmakers-push-regulations,,English,Amazon,AMZN,unknown,0.9
20260731T160000Z,SK Hynix Shares Surge Nearly 30 % as Record KOSPI Rally Follows Microsoft Blockbuster Earnings Beat,https://www.ibtimes.com.au/sk-hynix-shares-surge-kospi-rally-1873301,,English,Amazon,AMZN,unknown,0.9
20260731T160000Z,Amazon To Return Some Of $600 Million In Tariff Payments Back To Customers,https://700wlw.iheart.com/content/2026-07-31-amazon-to-return-some-of-600-million-in-tariff-payments-back-to-customers/,,English,Amazon,AMZN,unknown,0.9
20260731T160000Z,Amazon To Return Some Of $600 Million In Tariff Payments Back To Customers,https://talk1200boston.iheart.com/content/2026-07-31-amazon-to-return-some-of-600-million-in-tariff-payments-back-to-customers/,,English,Amazon,AMZN,unknown,0.9
20260731T160000Z,Asustek Computer Shares Jump Nearly 10 % as Taiwan Tech Rally Follows Microsoft Blowout Earnings Beat,https://www.ibtimes.com.au/asustek-computer-shares-surge-ai-demand-earnings-1873302,,English,Amazon,AMZN,unknown,0.9
20260731T160000Z,California AI Bills Face a Kill - or - Survive Vote Monday as EU Fines Start,https://www.techtimes.com/articles/322386/20260731/california-ai-bills-face-kill-survive-vote-monday-eu-fines-start.htm,,English,Amazon,AMZN,unknown,0.9
20260731T160000Z,Big Tech looms over Minnesota Capitol as lawmakers push regulations,https://www.wahpetondailynews.com/news/minnesota/big-tech-looms-over-minnesota-capitol-as-lawmakers-push-regulations,,English,Amazon,AMZN,unknown,0.9
20260731T154500Z,Amazon To Return Some Of $600 Million In Tariff Payments Back To Customers,https://wflanews.iheart.com/content/2026-07-31-amazon-to-return-some-of-600-million-in-tariff-payments-back-to-customers/,,English,Amazon,AMZN,unknown,0.9
20260731T154500Z,Samsung Electronics Shares Soar 27 % as Record KOSPI Rally Follows Microsoft Blockbuster Earnings Beat,https://www.ibtimes.com.au/samsung-shares-surge-kospi-record-high-ai-optimism-1873300,,English,Amazon,AMZN,unknown,0.9
20260731T154500Z,Amazon To Return Some Of $600 Million In Tariff Payments Back To Customers | Talk Radio 105 . 9,https://knrs.iheart.com/content/2026-07-31-amazon-to-return-some-of-600-million-in-tariff-payments-back-to-customers/,,English,Amazon,AMZN,unknown,0.9
20260731T154500Z,Clarkson University Partners with Industry Executives to Launch Introduction to Manufacturing Seminar Course,http://www.prnewswire.com/news-releases/clarkson-university-partners-with-industry-executives-to-launch-introduction-to-manufacturing-seminar-course-302840142.html,,English,Amazon,AMZN,unknown,0.9
20260731T153000Z,Silver Is Down Big From Its Peak . Is Now the Time to Buy the Dip ? ,https://www.fool.com/investing/2026/07/31/silver-is-down-big-from-its-peak-is-now-the-time/?source=iedfolrf0000001,,English,Amazon,AMZN,unknown,0.9
20260731T153000Z,"Man Ends Up Paralyzed In Doxxing , Swatting Prank Gone Terribly Wrong Despite Warning Police Beforehand",https://www.boredpanda.com/man-paralyzed-in-doxxing-swatting-prank-gone-wrong/,,English,Amazon,AMZN,unknown,0.9
20260731T150000Z,"In Pennsylvania , the data center wars hit the ballot box",https://www.dailykos.com/stories/2026/7/31/800077190/news/in-pennsylvania-the-data-center-wars-hit-the-ballot-box/,,English,Amazon,AMZN,unknown,0.9
20260731T150000Z,Silver Is Down Big From Its Peak . Is Now the Time to Buy the Dip ? ,https://finance.yahoo.com/markets/commodities/articles/silver-down-big-peak-now-142500035.html,,English,Amazon,AMZN,unknown,0.9
20260731T150000Z,Amazon customers to receive Trump tariff refunds after $600M government payout,https://nypost.com/2026/07/31/business/amazon-customers-to-receive-trump-tariff-refunds-after-600m-government-payout/,,English,Amazon,AMZN,unknown,0.9
20260731T150000Z,You Can Make Your Own Cloud Storage With A Raspberry Pi But Is It Worth It ? ,https://www.bgr.com/2222533/is-raspberry-pi-cloud-storage-worth-it/,,English,Amazon,AMZN,unknown,0.9
20260731T141500Z,Artist and activist Shepard Fairey spreads hope through his graphic and large - scale works,https://www.santafenewmexican.com/zz_styling/pasa_feature/artist-and-activist-shepard-fairey-spreads-hope-through-his-graphic-and-large-scale-works/article_8bb681ca-d4ca-4d08-989f-5bfeeb9364d9.html,,English,Amazon,AMZN,unknown,0.9
20260731T140000Z,Watt it worth : Why AI data centres run hot and drink deep,https://www.hindustantimes.com/lifestyle/art-culture/watt-it-s-worth-why-ai-data-centres-run-hot-and-drink-deep-101785505195865.html,,English,Amazon,AMZN,unknown,0.9
20260731T140000Z,"REVIEW –  Spider - Man : Brand New Day : Fresh ( Radioactive ) Blood , The Fourth Time Around – WARM 106 . 9",https://warm1069.com/review-spider-man-brand-new-day-fresh-radioactive-blood-the-fourth-time-around/,,English,Amazon,AMZN,unknown,0.9
20260731T140000Z,Blast off ! The best space and sci - fi Playmobil sets,https://www.space.com/entertainment/space-toys-lego/our-favorite-space-and-sci-fi-playmobil-sets-from-star-trek-playsets-to-esa-collaborated-models,,English,Amazon,AMZN,unknown,0.9
20260731T130000Z,Shanghai Stocks Rise as Chip Rally Offsets Weak PMI Data and China Monthly Loss Ahead of Politburo,https://www.ibtimes.com.au/china-sse-composite-index-rises-semiconductor-rally-1873291,,English,Amazon,AMZN,unknown,0.9
20260731T124500Z,From shock to rally – South Korea Kospi surges – The AI surge splits Asia in two,https://www.bankingnews.gr/diethni/articles/891538/from-shock-to-rally-south-korea-s-kospi-surges-the-ai-surge-splits-asia-in-two%20title=,,English,Amazon,AMZN,unknown,0.9
20260731T124500Z,From shock to rally – South Korea Kospi surges – The AI surge splits Asia in two,https://www.bankingnews.gr/diethni/articles/891538/from-shock-to-rally-south-korea-s-kospi-surges-the-ai-surge-splits-asia-in-two,,English,Amazon,AMZN,unknown,0.9
20260731T123000Z,Residents push back against large Amazon data center project during packed public meeting,https://www.wfae.org/energy-environment/2026-07-31/residents-push-back-against-large-amazon-data-center-project-during-packed-public-meeting,,English,Amazon,AMZN,unknown,0.9
20260731T123000Z,Charge your Income Stream with this High Yielder,https://www.investingdaily.com/145750/charge-your-income-stream-with-this-high-yielder/,,English,Amazon,AMZN,unknown,0.9
20260731T114500Z,Hydropower plants brace for heavy rains in southern Brazil as severe El Niño looms,https://hot96.com/2026/07/31/hydropower-plants-brace-for-heavy-rains-in-southern-brazil-as-severe-el-nino-looms/,,English,Amazon,AMZN,unknown,0.9
20260731T103000Z,South Korea chip giants just logged their biggest rally ever . What it means for the global AI trade . ,https://www.morningstar.com/news/marketwatch/2026073187/south-koreas-chip-giants-just-logged-their-biggest-rally-ever-what-it-means-for-the-global-ai-trade,,English,Amazon,AMZN,unknown,0.9
20260731T094500Z,Russian Missile Strike On Ukrainian Village Kills Almost Entire Family,https://www.globalsecurity.org/wmd/library/news/ukraine/2026/07/ukraine-260730-rferl01.htm,,English,Amazon,AMZN,unknown,0.9
20260731T084500Z,"Emerging Asia stock gauges soar on boost from Seoul , Taipei",https://www.thestar.com.my/business/business-news/2026/07/31/emerging-asia-stock-gauges-soar-on-boost-from-seoul-taipei,,English,Amazon,AMZN,unknown,0.9
20260731T084500Z,The Procter & Gamble Company Q4 2026 Earnings Call Summary,https://finance.yahoo.com/markets/stocks/articles/procter-gamble-company-q4-2026-211020243.html,,English,Amazon,AMZN,unknown,0.9
20260731T071500Z,"Rooftop solar on 36 , 963 buildings in APSPDCL area , generating 128 MW",https://www.thehindu.com/news/national/andhra-pradesh/rooftop-solar-on-36963-buildings-in-apspdcl-area-generating-128-mw/article71286653.ece,,English,Amazon,AMZN,positive,0.9
20260731T071500Z,NZ sharemarket ends week down 0 . 4 % – Market close,https://www.nzherald.co.nz/business/markets/shares/nz-sharemarket-ends-week-down-04-market-close/premium/T5IDHADLQVBR3O65MLA2LULVWQ/,,English,Amazon,AMZN,unknown,0.9
20260731T064500Z,AP News in Brief at 12 : 04 a . m . EDT,http://www.hngnews.com/nation_world/ap-news-in-brief-at-12-04-a-m-edt/article_09f853d5-1420-55b2-9e66-4b4bbaa97b6e.html,,English,Amazon,AMZN,unknown,0.9
20260731T061500Z,AP News in Brief at 11 : 04 p . m . EDT,https://www.yumasun.com/news/national_news/ap-news-in-brief-at-11-04-p-m-edt/article_5953daf6-9cbc-5106-b71b-f6736a744724.html,,English,Amazon,AMZN,unknown,0.9
20260731T061500Z,THE BRILLIANT MIND OF DD KOSAMBI THAT CHALLENGED BOUNDARIES AND AUTHORITY,https://www.heraldgoa.in/cafe/the-brilliant-mind-of-dd-kosambi-that-challenged-boundaries-and-authority/483672/,,English,Amazon,AMZN,unknown,0.9
20260731T061500Z,  The boom is taking off again : Irish builders at the heart of Europe data - centre growth – The Irish Times,https://www.irishtimes.com/business/2026/07/31/the-boom-is-taking-off-again-irish-builders-at-the-heart-of-europes-data-centre-growth/,,English,Amazon,AMZN,unknown,0.9
20260731T060000Z,"Record profits , big deals - but have Samsung and SK Hynix eased market fears over AI ? ",https://www.businesstimes.com.sg/companies-markets/record-profits-big-deals-have-samsung-and-sk-hynix-eased-market-fears-over-ai,,English,Amazon,AMZN,unknown,0.9
20260731T054500Z,AP News in Brief at 12 : 04 a . m . EDT – Winnipeg Free Press,https://www.winnipegfreepress.com/world/2026/07/30/ap-news-in-brief-at-1204-a-m-edt-936,,English,Amazon,AMZN,unknown,0.9
20260731T054500Z,AI Power Demand Sparks Billions In Small Nuclear Reactor Investments,https://www.chiangraitimes.com/ai/small-nuclear-reactor-investment/,,English,Amazon,AMZN,unknown,0.9
20260731T053000Z,AP News in Brief at 12 : 04 a . m . EDT,http://www.gazettextra.com/news/nation_world/ap-news-in-brief-at-12-04-a-m-edt/article_b72a17c5-031f-56d2-a086-f82cb5c141dc.html,,English,Amazon,AMZN,unknown,0.9
20260731T050000Z,Adhoc : Interroll Holding AG : Executing the strategy and strengthening the market position,https://www.finanznachrichten.de/nachrichten-2026-07/69177808-adhoc-interroll-holding-ag-executing-the-strategy-and-strengthening-the-market-position-023.htm,,English,Amazon,AMZN,unknown,0.9
20260731T050000Z,All hands on deck to tackle Mexico sargassum seaweed crisis,http://www.venezuelastar.com/news/279217122/all-hands-on-deck-to-tackle-mexico-sargassum-seaweed-crisis,,English,Amazon,AMZN,unknown,0.9
20260731T050000Z,All hands on deck to tackle Mexico sargassum seaweed crisis,http://www.haitisun.com/news/279217122/all-hands-on-deck-to-tackle-mexico-sargassum-seaweed-crisis,,English,Amazon,AMZN,unknown,0.9
20260731T044500Z,AP News in Brief at 12 : 04 a . m . EDT,http://www.wdtimes.com/news/national/ap-news-in-brief-at-12-04-a-m-edt/article_c56b701a-a8db-53cb-9f14-180f2bbc2c9a.html,,English,Amazon,AMZN,unknown,0.9
20260731T041500Z,"South Korea Kospi , Samsung , SK Hynix : meltdown to record rebound",https://www.cnbc.com/2026/07/31/south-korea-kospi-samsung-sk-hynix-meltdown-record-rebound.html,,English,Amazon,AMZN,unknown,0.9
20260731T041500Z,Grid Dynamics ( GDYN ) Q2 2026 Earnings Call Transcript,https://www.fool.com/earnings/call-transcripts/2026/07/30/grid-dynamics-gdyn-q2-2026-earnings-call-transcript/?source=iedfolrf0000001,,English,Amazon,AMZN,unknown,0.9
20260731T040000Z,AP News in Brief at 11 : 04 p . m . EDT,http://www.thegazette.com/news/national/ap-news-in-brief-at-11-04-p-m-edt/article_f7ededee-db4a-50f4-997c-67a277baf61e.html,,English,Amazon,AMZN,unknown,0.9
20260731T040000Z,DXC ( DXC ) Q1 2027 Earnings Call Transcript,https://www.fool.com/earnings/call-transcripts/2026/07/30/dxc-dxc-q1-2027-earnings-call-transcript/?source=iedfolrf0000001,,English,Amazon,AMZN,unknown,0.9
20260731T040000Z,"First Alert Weather : Comfortable Friday morning , then rain , storms return",https://www.wbrc.com/2026/07/31/first-alert-weather-comfortable-friday-morning-then-rain-storms-return/,,English,Amazon,AMZN,unknown,0.9
20260731T033000Z,"Before giant meat producer JBS expands to Nigeria , people deserve answers ( commentary ) ",https://news.mongabay.com/2026/07/before-giant-meat-producer-jbs-expands-to-nigeria-people-deserve-answers-commentary/,,English,Amazon,AMZN,unknown,0.9
20260731T030000Z,All hands on deck to tackle Mexico sargassum seaweed crisis,http://www.trinidadtimes.com/news/279217122/all-hands-on-deck-to-tackle-mexico-sargassum-seaweed-crisis,,English,Amazon,AMZN,unknown,0.9
20260731T023000Z,App Store regulatory changes are beginning to affect Apples Services growth,https://9to5mac.com/2026/07/30/apple-says-app-store-regulatory-changes-are-beginning-to-affect-services-growth/,,English,Amazon,AMZN,unknown,0.9
20260731T021500Z,All hands on deck to tackle Mexico sargassum seaweed crisis,http://www.caribbeanherald.com/news/279217122/all-hands-on-deck-to-tackle-mexico-sargassum-seaweed-crisis,,English,Amazon,AMZN,unknown,0.9
20260731T020000Z,State regulators to hold public hearing for Amazon large Richmond County data center,https://www.wunc.org/2026-07-30/state-regulators-to-hold-public-hearing-for-amazons-large-richmond-county-data-center,,English,Amazon,AMZN,unknown,0.9
20260731T020000Z,AP News in Brief at 9 : 04 p . m . EDT,https://www.idahostatejournal.com/news/national/ap-news-in-brief-at-9-04-p-m-edt/article_c0385402-955e-5c04-88b6-8cb0d6aeca6b.html,,English,Amazon,AMZN,unknown,0.9
20260731T020000Z,Southern Company ( SO ) Q2 2026 Earnings Call Transcript,https://www.fool.com/earnings/call-transcripts/2026/07/30/southern-company-so-q2-2026-earnings-call-transcript/?source=iedfolrf0000001,,English,Amazon,AMZN,unknown,0.9
20260731T011500Z,Intelligence Piracy : The Expert Who Was Never Hired,https://www.mondaq.com:443/unitedstates/copyright/1824772/intelligence-piracy-the-expert-who-was-never-hired,,English,Amazon,AMZN,unknown,0.9
20260731T004500Z,Community networks newsletter : Communities building the evidence for meaningful connectivity,https://www.apc.org/en/news/community-networks-newsletter-communities-building-evidence-meaningful-connectivity,,English,Amazon,AMZN,unknown,0.9
20260731T000000Z,Best Robot Vacuums Weve Tested in 2026,https://www.cnet.com/home/kitchen-and-household/best-robot-vacuum-2/,,English,Amazon,AMZN,unknown,0.9
20260730T234500Z,Flock surveillance cameras targeted around the country amid opposition,https://www.ketv.com/article/flock-surveillance-cameras-opposition/73305491,,English,Amazon,AMZN,unknown,0.9
20260730T233000Z,Copernicus : New  Fire Emissions Watch  tool provides instant access to global fire emissions data,https://www.radiocayman.gov.ky/news/copernicus-new-fire-emissions-watch-tool-provides-instant-access-to-global-fire-emissions-data,,English,Amazon,AMZN,unknown,0.9
20260730T233000Z,"DIVA DAILY DIRT : Kanye Settlement , Beyoncé & Michael B . Jordan",https://92q.com/5911072/divas-daily-dirt-kanye-settlement-beyonce-michael-b-jordan/,,English,Amazon,AMZN,unknown,0.9
20260730T233000Z,Samsung Reports Record Profit As South Korean Chip Giants Benefit From Global AI Boom,https://www.theyeshivaworld.com/news/general/2580794/samsung-reports-record-profit-as-south-korean-chip-giants-benefit-from-global-ai-boom.html,,English,Amazon,AMZN,unknown,0.9
20260730T233000Z,AI companies are buying and destroying old books for training data,https://mashable.com/life/ai-companies-destroy-books-training-data,,English,Amazon,AMZN,unknown,0.9
20260730T231500Z,3 Best Home Security Camera Deals | Expert - Tested Picks,https://www.goodhousekeeping.com/life/money/a73308841/best-home-security-camera-deals-summer/,,English,Amazon,AMZN,unknown,0.9
20260730T231500Z,Flock surveillance cameras targeted around the country amid opposition,https://www.koco.com/article/flock-surveillance-cameras-opposition/73305491,,English,Amazon,AMZN,unknown,0.9
20260730T231500Z,Amazon collected $600 million in Trump tariff refunds,https://www.cnbc.com/2026/07/30/amazon-trump-tariff-refunds.html,,English,Amazon,AMZN,unknown,0.9
20260730T231500Z,Costco Charming Backyard Shed Is Out of a Nancy Meyer Movie,https://www.goodhousekeeping.com/life/money/a73308096/costco-nancy-meyers-pinnacle-shed/,,English,Amazon,AMZN,unknown,0.9
20260730T231500Z,First Alert Weather : First Alert Weather Day declared for Saturday ; storms possible Friday night,https://www.wbrc.com/2026/07/30/first-alert-weather-first-alert-weather-day-declared-saturday-storms-possible-friday-night/,,English,Amazon,AMZN,unknown,0.9
20260730T230000Z,Flock surveillance cameras targeted around the country amid opposition,https://www.wcvb.com/article/flock-surveillance-cameras-opposition/73305491,,English,Amazon,AMZN,unknown,0.9
20260730T230000Z,Flock surveillance cameras targeted around the country amid opposition,https://www.wvtm13.com/article/flock-surveillance-cameras-opposition/73305491,,English,Amazon,AMZN,unknown,0.9
20260730T230000Z,Flock surveillance cameras targeted around the country amid opposition,https://www.wesh.com/article/flock-surveillance-cameras-opposition/73305491,,English,Amazon,AMZN,unknown,0.9
20260730T230000Z,Flock surveillance cameras targeted around the country amid opposition,https://www.gulfcoastnewsnow.com/article/flock-surveillance-cameras-opposition/73305491,,English,Amazon,AMZN,unknown,0.9
20260730T224500Z,Flock surveillance cameras targeted around the country amid opposition,https://www.kcra.com/article/flock-surveillance-cameras-opposition/73305491,,English,Amazon,AMZN,unknown,0.9
20260730T223000Z,Flock surveillance cameras targeted around the country amid opposition,https://www.wbaltv.com/article/flock-surveillance-cameras-opposition/73305491,,English,Amazon,AMZN,unknown,0.9
20260730T221500Z,A Town Drowned in the Smell of Fish Sauce,https://www.eater.com/2019/5/23/18634704/st-marys-irish-loop-newfoundland-smell-fermenting-atlantic-seafood-sauce,,English,Amazon,AMZN,unknown,0.9
20260730T221500Z,EPA Exempts Off - Grid Data Centers from Acid Rain Regulations,https://www.enr.com/articles/63400-epa-exempts-off-grid-data-centers-from-acid-rain-regulations,,English,Amazon,AMZN,unknown,0.9
20260730T221500Z,US Govt . Supports New Green Hydrogen Project In Morocco,https://cleantechnica.com/2026/07/30/green-hydrogen-morocco-us-government-grant-renewable-energy/,,English,Amazon,AMZN,unknown,0.9
20260730T220000Z,Public hearing scheduled over Richmond County data center noise concerns,https://www.yahoo.com/news/us/articles/public-hearing-scheduled-over-richmond-200759687.html,,English,Amazon,AMZN,unknown,0.9
20260730T220000Z,"Stocks making the biggest moves after hours : AAPL , AMZN , RIVN , RDDT",https://www.cnbc.com/2026/07/30/stocks-making-the-biggest-moves-after-hours-aapl-amzn-rivn-rddt-.html,,English,Amazon,AMZN,unknown,0.9
20260730T214500Z,Best Vegan Beauty Tools 2026 : Devices That Dont Need Replacement Heads – One Green Planet,https://www.onegreenplanet.org/lifestyle/best-vegan-beauty-tools-2026-v2/,,English,Amazon,AMZN,unknown,0.9
20260730T214500Z,Public hearing scheduled over Richmond County data center noise concerns,https://www.wsoctv.com/news/local/public-hearing-scheduled-over-richmond-county-data-center-noise-concerns/MXNHPOAM5NHSXCF7Q5TMR7OLGE/,,English,Amazon,AMZN,unknown,0.9
20260730T214500Z,"  Green News Report  – July 30 , 2026 – The BRAD BLOG",https://bradblog.com/?p=18318,,English,Amazon,AMZN,unknown,0.9
20260730T214500Z,"Texas approves AI data center co - location next to wind farm , with curtailment caveats",https://www.utilitydive.com/news/texas-approves-ai-data-center-co-location-next-to-wind-farm-with-curtailme/826617/,,English,Amazon,AMZN,positive,0.9
20260730T213000Z,Why a human expert must be in the loop for AI to boost chemistry,https://cen.acs.org/analytical-chemistry/big-data/human-expert-needed-ai-chemistry/104/web/2026/07,,English,Amazon,AMZN,unknown,0.9
20260730T210000Z,Kick Streaming : Creator - First Live Platform by Stake,https://everything-pr.com/kick-the-creator-first-streaming-platform-built-by-stake,,English,Amazon,AMZN,unknown,0.9
20260730T204500Z,"Dow plunges over 1 , 100 points as Fed hawkish hold sends yields higher",https://finance.yahoo.com/markets/stocks/articles/dow-nasdaq-stock-set-another-121300809.html,,English,Amazon,AMZN,unknown,0.9
20260730T204500Z,FinancialContent - Nextpower ( NASDAQ : NXT ) Misses Q2 CY2026 Sales Expectations,https://markets.financialcontent.com/stocks/article/stockstory-2026-7-30-nextpower-nasdaqnxt-misses-q2-cy2026-sales-expectations,,English,Amazon,AMZN,unknown,0.9
20260730T193000Z,Big scrum at the Cayucos dog park,https://calcoastnews.com/2026/07/big-scrum-at-the-cayucos-dog-park/,,English,Amazon,AMZN,unknown,0.9
20260730T190000Z,Feds pick Louisiana for potential nuclear campus,https://www.ksla.com/2026/07/29/feds-pick-louisiana-potential-nuclear-campus/,,English,Amazon,AMZN,unknown,0.9
20260730T190000Z,US Data Center Capacity Will  Double  Despite  Local  Concerns ; Neoclouds Offer Channel Opportunity,https://www.crn.com/news/data-center/2026/us-data-center-capacity-will-double-despite-local-concerns-neoclouds-offer-partner-opportunity,,English,Amazon,AMZN,unknown,0.9
20260730T181500Z,Inside Safaricom multi - billion shilling bet on AI,https://www.standardmedia.co.ke/business/article/2001554175/inside-safaricom-s-multi-billion-shilling-bet-on-ai,,English,Amazon,AMZN,unknown,0.9
20260730T181500Z,First Alert Weather : First Alert Weather Day issued for Saturday as stronger storms expected,https://www.wbrc.com/2026/07/30/first-alert-weather-first-alert-weather-day-issued-saturday-stronger-storms-expected/,,English,Amazon,AMZN,unknown,0.9
20260730T181500Z,People Call This $90 Tent A  Godsend  For Escaping Summer Mosquitoes,https://shopping.yahoo.com/home-garden/outdoor/articles/people-call-90-tent-godsend-173938190.html,,English,Amazon,AMZN,unknown,0.9
20260730T174500Z,State regulators to hold public hearing for Amazon large Richmond County data center,https://www.whqr.org/2026-07-30/state-regulators-to-hold-public-hearing-for-amazons-large-richmond-county-data-center,,English,Amazon,AMZN,unknown,0.9
20260730T174500Z,"Gokul Agro Posts Q1FY27 Earnings with Revenue Crossing Rs 5 , 000 Crore ; Revenue up 7 % at Rs 5 , 282 crore ; EBITDA up 52 % YoY and PAT up 74 % YoY",http://www.indiagazette.com/news/279216469/gokul-agro-posts-q1fy27-earnings-with-revenue-crossing-rs-5000-crore-revenue-up-7-at-rs-5282-crore-ebitda-up-52-yoy-and-pat-up-74-yoy,,English,Amazon,AMZN,unknown,0.9
20260730T174500Z,State regulators to hold public hearing for Amazon large Richmond County data center,https://www.publicradioeast.org/2026-07-30/state-regulators-to-hold-public-hearing-for-amazons-large-richmond-county-data-center,,English,Amazon,AMZN,unknown,0.9
20260730T171500Z,Best Pet Strollers 2026 : For Senior Dogs and Cats Who Should Not Roam,https://www.onegreenplanet.org/products/best-pet-strollers-2026/,,English,Amazon,AMZN,unknown,0.9
20260730T171500Z,Some Louisiana lawmakers are canceling NDAs | Local Politics,https://www.nola.com/news/politics/louisiana-nda-secrecy-data-center-legislature/article_c3a388d0-277e-4652-9a49-491a06563e3d.html,,English,Amazon,AMZN,unknown,0.9
20260730T171500Z,States move to stop Paramount - Warner Bros . merger : Larchmont Chronicle,https://larchmontchronicle.com/states-move-to-stop-paramount-warner-bros-merger/,,English,Amazon,AMZN,unknown,0.9
20260730T151500Z,Electrovaya Launches ElvaPulse ( TM ) 1500 High - Power Energy Storage Platform for Data Center and Mission - Critical Power Applications,http://www.torontotelegraph.com/news/279216256/electrovaya-launches-elvapulsetm-1500-high-power-energy-storage-platform-for-data-center-and-mission-critical-power-applications,,English,Amazon,AMZN,unknown,0.9
20260730T151500Z,This fire safety blanket on Amazon is the safety essential you need,https://nypost.com/2026/07/30/shopping/this-fire-safety-blanket-on-amazon-is-the-safety-essential-you-need/,,English,Amazon,AMZN,unknown,0.9
20260730T150000Z,Quantum computers promise mathematical superpowers,https://www.hindustantimes.com/science/quantum-computers-promise-mathematical-superpowers-101785401579725.html,,English,Amazon,AMZN,unknown,0.9
20260730T144500Z,"Pa . governor candidates Garrity and Shapiro on energy , the environment",https://www.witf.org/2026/07/30/pa-election-2026-where-governor-candidates-garrity-and-shapiro-stand-on-energy-costs-the-environment-and-more/,,English,Amazon,AMZN,unknown,0.9
20260730T140000Z,"DIVA DAILY DIRT : Kanye Settlement , Beyoncé & Michael B . Jordan",https://kysdc.com/5733200/divas-daily-dirt-kanye-settlement-beyonce-michael-b-jordan/,,English,Amazon,AMZN,unknown,0.9
20260730T140000Z,Samsung reports record operating profit,https://www.bnnbloomberg.ca/business/company-news/2026/07/30/samsung-reports-record-profit-as-south-korean-chip-giants-benefit-from-global-ai-boom/,,English,Amazon,AMZN,unknown,0.9
20260730T140000Z,"Daily Newscast for Thursday , July 30 , 2026",https://www.ualrpublicradio.org/local-newscast/2026-07-30/daily-newscast-for-thursday-july-30-2026,,English,Amazon,AMZN,unknown,0.9
20260730T130000Z,Electrovaya Launches ElvaPulse ( TM ) 1500 High - Power Energy Storage Platform for Data Center and Mission - Critical Power Applications,http://www.hawaiitelegraph.com/news/279216256/electrovaya-launches-elvapulsetm-1500-high-power-energy-storage-platform-for-data-center-and-mission-critical-power-applications,,English,Amazon,AMZN,unknown,0.9
20260730T130000Z,Louisiana Illuminator : Feds pick Louisiana for potential nuclear campus,https://www.magnoliareporter.com/news_and_business/north_louisiana/article_9b21d01a-036d-4813-a149-fa470145964f.html,,English,Amazon,AMZN,unknown,0.9
20260730T121500Z,"Sony 1000X The Collexion Headphones , WF - 1000XM6 TWS Earbuds Launched in India",https://themobileindian.com/news/sony-1000x-the-collexion-headphones-wf-1000xm6-tws-earbuds-launched-in-india,,English,Amazon,AMZN,unknown,0.9
20260730T121500Z,Frontlines of the future : AI data centers move in next door,http://www.logandaily.com/news/frontlines-of-the-future-ai-data-centers-move-in-next-door/article_9959ddfe-7e15-5624-9449-99347c7b41eb.html,,English,Amazon,AMZN,unknown,0.9
20260730T121500Z,"Received  wrong - colour  shoes , refund comes after  129 day , Kerala woman wins Rs 4 , 000 | Legal News",https://indianexpress.com/article/legal-news/wrong-colour-shoes-refund-129-days-kerala-woman-wins-rs-4000-10810323/,,English,Amazon,AMZN,unknown,0.9
20260730T113000Z,Poland blames Russia for firing missile into its territory as Moscow unleashes deadly attack on Ukraine,https://kesq.com/news/national-world/cnn-world/2026/07/30/unidentified-projectile-causes-explosion-in-poland-as-russia-launches-large-attack-on-ukraine/,,English,Amazon,AMZN,unknown,0.9
20260730T113000Z,ADT Reports Second Quarter 2026 Results | The Manila Times,https://www.manilatimes.net/2026/07/30/tmt-newswire/globenewswire/adt-reports-second-quarter-2026-results/2394861,,English,Amazon,AMZN,unknown,0.9
20260730T111500Z,Ohio gubernatorial candidates clash over data center rules | Ohio News,https://www.daytondailynews.com/local/ohio/local-governments-weigh-temporary-moratorium-on-data-centers/article_616aa0a2-ecc8-5c4f-8712-dc14982a4414.html,,English,Amazon,AMZN,unknown,0.9
20260730T103000Z,Inside Ikea big bet on humans in the age of AI,https://fortune.com/2026/07/30/ikea-ai-workforce-reskilling-jobs-billie-chatbot-global-500/,,English,Amazon,AMZN,unknown,0.9
20260730T101500Z,"  Three to five years is a realistic payback period  plug - in solar panels will be legal next month , but what do they cost , who can fit them , and is your home even suitable ? We asked the experts",https://www.techradar.com/home/smart-home/three-to-five-years-is-a-realistic-payback-period-plug-in-solar-panels-will-be-legal-next-month-but-what-do-they-cost-who-can-fit-them-and-is-your-home-even-suitable-we-asked-the-experts,,English,Amazon,AMZN,positive,0.9
20260730T100000Z,The Best Cultural Experiences to Enjoy During a Trip to Puerto Rico,https://www.kiwibox.com/trip-to-puerto-rico/,,English,Amazon,AMZN,unknown,0.9
20260730T100000Z,"Gokul Agro Posts Q1FY27 Earnings with Revenue Crossing Rs 5 , 000 Crore ; Revenue up 7 % at Rs 5 , 282 crore ; EBITDA up 52 % YoY and PAT up 74 % YoY",https://aninews.in/news/business/gokul-agro-posts-q1fy27-earnings-with-revenue-crossing-rs-5000-crore-revenue-up-7-at-rs-5282-crore-ebitda-up-52-yoy-and-pat-up-74-yoy20260730140447/,,English,Amazon,AMZN,unknown,0.9
20260730T091500Z,Samsung reports record profit as South Korean chip giants benefit from global AI boom,https://www.asiaone.com:443/money/samsung-reports-record-profit-south-korean-chip-giants-benefit-global-ai-boom,,English,Amazon,AMZN,unknown,0.9
20260730T081500Z,"Unidentified object lands deep inside Poland causing explosion as Russia launches deadly , Ukraine - wide attack",https://krdo.com/news/national-world/cnn-world/2026/07/30/explosions-heard-in-kyiv-as-air-force-warns-of-incoming-missiles/,,English,Amazon,AMZN,unknown,0.9
20260730T061500Z,Why a stock biggest decline may not be its best buying opportunity,https://investinglive.com/education/why-a-stock-s-biggest-decline-may-not-be-its-best-buying-opportunity/,,English,Amazon,AMZN,unknown,0.9
20260730T060000Z,Veolia Environnement : Very Solid H1 Performance Confirming Strength of Veolia Business Model,https://www.finanznachrichten.de/nachrichten-2026-07/69163198-veolia-environnement-very-solid-h1-performance-confirming-strength-of-veolia-business-model-004.htm,,English,Amazon,AMZN,unknown,0.9
20260730T053000Z,Corning Incorporated Q2 2026 Earnings Call Summary,https://finance.yahoo.com/markets/stocks/articles/corning-incorporated-q2-2026-earnings-180317671.html,,English,Amazon,AMZN,unknown,0.9
20260730T050000Z,"US stocks , dollar slip after Fed leaves rates unchanged",https://www.asiaone.com:443/money/us-stocks-dollar-slip-after-fed-leaves-rates-unchanged,,English,Amazon,AMZN,unknown,0.9
20260730T031500Z,"Meta misses profit expectations , sticks to massive AI spending",https://www.digitaljournal.com/article/meta-misses-profit-expectations-sticks-to-massive-ai-spending/,,English,Amazon,AMZN,unknown,0.9
20260730T030000Z,Chinese AI Just Made History,https://finance.yahoo.com/technology/ai/articles/chinese-ai-just-made-history-021420490.html,,English,Amazon,AMZN,unknown,0.9
20260730T013000Z,The best battery backup for your budget - Shelbyville Times - Gazette,"http://www.t-g.com/premium/brandpoint/stories/the-best-battery-backup-for-your-budget,226121",,English,Amazon,AMZN,unknown,0.9
20260730T011500Z,"Samsung Galaxy S25 Plus Drops to $679 on Amazon : Flagship Chip , Seven Update Years",https://www.techtimes.com/articles/322061/20260729/samsung-galaxy-s25-plus-drops-679-amazon-flagship-chip-seven-update-years.htm,,English,Amazon,AMZN,unknown,0.9
20260730T011500Z,Mike Flanagan Is Warhammer 40K Showrunner at Amazon : Why the Mechanicus Is an AI Parable,https://www.techtimes.com/articles/322099/20260729/mike-flanagan-warhammer-40k-showrunner-amazon-why-mechanicus-ai-parable.htm,,English,Amazon,AMZN,unknown,0.9
20260730T004500Z,Docuseries recounts Idaho student murders as Bryan Kohberger seeks plea change,https://us.cnn.com/us/idaho-murders-bryan-kohberger-timeline,,English,Amazon,AMZN,unknown,0.9
20260730T003000Z,"Pro - data center industry group behind ad campaign in Oregon , six other states",http://www.postregister.com/news/local/pro-data-center-industry-group-behind-ad-campaign-in-oregon-six-other-states/article_7f82ec07-de19-5d97-abdc-5857d51542aa.html,,English,Amazon,AMZN,unknown,0.9
20260730T001500Z,Docuseries recounts Idaho student murders as Bryan Kohberger seeks plea change,https://www.cnn.com/us/idaho-murders-bryan-kohberger-timeline,,English,Amazon,AMZN,unknown,0.9
20260730T000000Z,"Bell County Inmates : The Complete Guide To Search , Records , And Jail Communication",https://www.unitaid.eu/guide-search-records-jail-communication-1dhd.html,,English,Amazon,AMZN,unknown,0.9
20260730T000000Z,"Jensen Huang Says AI Needs  1 , 000 Times More Power Than We Currently Have . These 3 Industrial Stocks Will Deliver It . ",https://www.fool.com/investing/2026/07/29/jensen-huang-says-ai-needs-1000-times-more-power-t/,,English,Amazon,AMZN,unknown,0.9
20260729T234500Z,AMC Theatres CEO Pushes for Paramount Warner Bros . Merger in Op - Ed,https://variety.com/2026/biz/news/amc-theatres-adam-aron-paramount-warner-bros-merger-1236823859/,,English,Amazon,AMZN,unknown,0.9
20260729T234500Z,"Meta misses profit expectations , sticks to massive AI spending",https://www.freemalaysiatoday.com/category/business/2026/07/30/meta-misses-profit-expectations-sticks-to-massive-ai-spending,,English,Amazon,AMZN,unknown,0.9
20260729T234500Z,"Dow plunges over 1 , 100 points as Fed hawkish hold sends yields higher",https://www.proactiveinvestors.com/companies/news/1096206/dow-plunges-over-1-100-points-as-fed-s-hawkish-hold-sends-yields-higher-1096206.html,,English,Amazon,AMZN,unknown,0.9
20260729T233000Z,"Meta reports profit drop as AI , legal costs bite",https://www.rnz.co.nz/news/business/837509/meta-reports-profit-drop-as-ai-legal-costs-bite,,English,Amazon,AMZN,unknown,0.9
20260729T231500Z,"Kirksville City Council adopts resolution on data center zoning , sets stage for fall regulations","http://www.kirksvilledailyexpress.com/stories/kirksville-city-council-adopts-resolution-on-data-center-zoning-sets-stage-for-fall-regulations,31976",,English,Amazon,AMZN,unknown,0.9
20260729T231500Z,MAC . BID Brings $1 Online Auctions & Deep Retail Discounts to the St . Louis Metro,http://www.prnewswire.com/news-releases/macbid-brings-1-online-auctions--deep-retail-discounts-to-the-st-louis-metro-302838348.html,,English,Amazon,AMZN,unknown,0.9
20260729T231500Z,Indigenous Parakanã fear election U - turn may spark new invasions in Brazil,https://news.mongabay.com/2026/07/indigenous-parakana-fear-election-u-turn-may-spark-new-invasions-in-brazil/,,English,Amazon,AMZN,unknown,0.9
