published_utc,title,url,source,lang,company,ticker,event_type,confidence
20260817T200000Z,Terms of Use,https://sxsw.com/terms-of-use/,,English,Apple Inc,AAPL,unknown,0.5
20260813T043000Z,Residents / Advocates Rally At Santa Clara City Hall Over Apple Secret Fab & Contamination : Indybay,https://www.indybay.org/newsitems/2026/08/10/18887932.php,,English,Apple Inc,AAPL,unknown,0.9
20260813T034500Z,"Canadian Reviewer - Reviews , News and Opinion with a Canadian Perspective",https://www.canadianreviewer.com/cr/?currentPage=4910,,English,Apple Inc,AAPL,unknown,0.9
20260819T044500Z,Letter : Businesses flee California to escape left ideology,https://www.unionleader.com/opinion/letters_to_editor/letter-businesses-flee-california-to-escape-lefts-ideology/article_dbad3767-46db-4a60-82a2-9f11077074ba.html,,English,Tesla,TSLA,unknown,0.9
20260819T031500Z,How US military funding propelled China robot dogs,https://kathmandupost.com/world/2026/08/19/how-us-military-funding-propelled-china-s-robot-dogs,,English,Tesla,TSLA,unknown,0.9
20260819T021500Z,CALIFORNIA GAS PRICES : The Golden State GOLDEN FLEECE . It TRUMP FAULT ! OR IS IT ? ,https://www.autospies.com/news/index.aspx?submissionid=131675,,English,Tesla,TSLA,unknown,0.9
20260819T001500Z,Filings show Amazon stake in electric trucking company that just struck a deal for 500 Tesla Semis – GeekWire,https://www.geekwire.com/2026/filings-show-amazons-stake-in-electric-trucking-company-that-just-struck-a-deal-for-500-tesla-semis/,,English,Tesla,TSLA,unknown,0.9
20260819T001500Z,  Profits won . The child safety trial against Meta kicks off in federal court,https://www.nhpr.org/national/2026-08-18/profits-won-the-child-safety-trial-against-meta-kicks-off-in-federal-court,,English,Tesla,TSLA,unknown,0.9
20260819T001500Z,Island Police Week of 8 - 20 - 26,https://www.mdislander.com/news/cops/island-police-week-of-8-20-26/article_d89a0803-831c-449c-bd3a-a5155068532a.html,,English,Tesla,TSLA,unknown,0.9
20260819T001500Z,  Profits won . The child safety trial against Meta kicks off in federal court,https://www.ijpr.org/npr-news/2026-08-18/profits-won-the-child-safety-trial-against-meta-kicks-off-in-federal-court,,English,Tesla,TSLA,unknown,0.9
20260818T233000Z,Memphis council passes temporary data center moratorium on first reading,https://www.yahoo.com/news/us/articles/memphis-council-passes-temporary-data-224821461.html,,English,Tesla,TSLA,unknown,0.9
20260818T224500Z,"Chief Minister Bhajan Lal Sharma Inaugurates and Lays Foundation Stones for Development Works Worth Nearly â ‚ ¹3 , 500 Crore",https://pressnote.in/chiefministerbhajanlalsharmainauguratesandlaysfoundationstonesfordeve_541782.html,,English,Tesla,TSLA,unknown,0.9
20260818T224500Z,  Profits won . The child safety trial against Meta kicks off in federal court,https://www.kalw.org/npr-news/2026-08-18/profits-won-the-child-safety-trial-against-meta-kicks-off-in-federal-court,,English,Tesla,TSLA,unknown,0.9
20260818T223000Z,  Profits won . The child safety trial against Meta kicks off in federal court,https://www.kwit.org/2026-08-18/profits-won-the-child-safety-trial-against-meta-kicks-off-in-federal-court,,English,Tesla,TSLA,unknown,0.9
20260818T223000Z,  Profits won . The child safety trial against Meta kicks off in federal court,https://www.wuft.org/2026-08-18/profits-won-the-child-safety-trial-against-meta-kicks-off-in-federal-court,,English,Tesla,TSLA,unknown,0.9
20260818T221500Z,  Profits won . The child safety trial against Meta kicks off in federal court,https://www.tspr.org/npr-news/2026-08-18/profits-won-the-child-safety-trial-against-meta-kicks-off-in-federal-court,,English,Tesla,TSLA,unknown,0.9
20260818T220000Z,  Profits won . The child safety trial against Meta kicks off in federal court,https://www.kuow.org/npr-news/2026-08-18/profits-won-the-child-safety-trial-against-meta-kicks-off-in-federal-court,,English,Tesla,TSLA,unknown,0.9
20260818T220000Z,  Profits won . The child safety trial against Meta kicks off in federal court,https://www.kgou.org/business-and-economy/2026-08-18/profits-won-the-child-safety-trial-against-meta-kicks-off-in-federal-court,,English,Tesla,TSLA,unknown,0.9
20260818T220000Z,Tesla ( TSLA ) Advances After Beating Key Metrics in Q1,https://finance.yahoo.com/markets/stocks/articles/tesla-tsla-advances-beating-key-133812996.html,,English,Tesla,TSLA,unknown,0.9
20260818T220000Z,  Profits won . The child safety trial against Meta kicks off in federal court,https://www.wknofm.org/news-from-npr/2026-08-18/profits-won-the-child-safety-trial-against-meta-kicks-off-in-federal-court,,English,Tesla,TSLA,unknown,0.9
20260818T220000Z,"Western Wildfires Continue To Disrupt Equestrian Activities , Displace Horses",https://chronofhorse.com/en/article/Western-Wildfires-Continue-To-Disrupt-Equestrian-Activities-Displace-Horses/,,English,Tesla,TSLA,unknown,0.9
20260818T220000Z,  Profits won . The child safety trial against Meta kicks off in federal court,https://www.ypradio.org/npr-news/2026-08-18/profits-won-the-child-safety-trial-against-meta-kicks-off-in-federal-court,,English,Tesla,TSLA,unknown,0.9
20260818T220000Z,  Profits won . The child safety trial against Meta kicks off in federal court,https://www.wrvo.org/2026-08-18/profits-won-the-child-safety-trial-against-meta-kicks-off-in-federal-court,,English,Tesla,TSLA,unknown,0.9
20260818T214500Z,  Profits won . The child safety trial against Meta kicks off in federal court,https://www.wvasfm.org/business/2026-08-18/profits-won-the-child-safety-trial-against-meta-kicks-off-in-federal-court,,English,Tesla,TSLA,unknown,0.9
20260818T214500Z,  Profits won . The child safety trial against Meta kicks off in federal court,https://www.northcountrypublicradio.org/news/npr/nx-s1-5935458/profits-won-the-child-safety-trial-against-meta-kicks-off-in-federal-court,,English,Tesla,TSLA,unknown,0.9
20260818T214500Z,  Profits won . The child safety trial against Meta kicks off in federal court,https://www.kclu.org/economy/2026-08-18/profits-won-the-child-safety-trial-against-meta-kicks-off-in-federal-court,,English,Tesla,TSLA,unknown,0.9
20260818T214500Z,  Profits won . The child safety trial against Meta kicks off in federal court,https://www.kjzz.org/npr-top-stories/2026-08-18/profits-won-the-child-safety-trial-against-meta-kicks-off-in-federal-court,,English,Tesla,TSLA,unknown,0.9
20260818T213000Z,  Profits won . The child safety trial against Meta kicks off in federal court,https://www.krcu.org/2026-08-18/profits-won-the-child-safety-trial-against-meta-kicks-off-in-federal-court,,English,Tesla,TSLA,unknown,0.9
20260818T213000Z,  Profits won . The child safety trial against Meta kicks off in federal court,https://www.kawc.org/npr-news/2026-08-18/profits-won-the-child-safety-trial-against-meta-kicks-off-in-federal-court,,English,Tesla,TSLA,unknown,0.9
20260818T213000Z,  Profits won . The child safety trial against Meta kicks off in federal court,https://www.wncw.org/2026-08-18/profits-won-the-child-safety-trial-against-meta-kicks-off-in-federal-court,,English,Tesla,TSLA,unknown,0.9
20260818T211500Z,  Profits won . The child safety trial against Meta kicks off in federal court,https://www.southcarolinapublicradio.org/news/2026-08-18/profits-won-the-child-safety-trial-against-meta-kicks-off-in-federal-court,,English,Tesla,TSLA,unknown,0.9
20260818T211500Z,  Profits won . The child safety trial against Meta kicks off in federal court,https://www.wvxu.org/news-from-npr/2026-08-18/profits-won-the-child-safety-trial-against-meta-kicks-off-in-federal-court,,English,Tesla,TSLA,unknown,0.9
20260818T210000Z,  Profits won . The child safety trial against Meta kicks off in federal court,https://www.wrkf.org/npr-news/2026-08-18/profits-won-the-child-safety-trial-against-meta-kicks-off-in-federal-court,,English,Tesla,TSLA,unknown,0.9
20260818T210000Z,  Profits won . The child safety trial against Meta kicks off in federal court,https://www.kenw.org/npr-news/2026-08-18/profits-won-the-child-safety-trial-against-meta-kicks-off-in-federal-court,,English,Tesla,TSLA,unknown,0.9
20260818T210000Z,  Profits won . The child safety trial against Meta kicks off in federal court,https://www.wnmufm.org/2026-08-18/profits-won-the-child-safety-trial-against-meta-kicks-off-in-federal-court,,English,Tesla,TSLA,unknown,0.9
20260818T204500Z,  Profits won . The child safety trial against Meta kicks off in federal court,https://www.ketr.org/2026-08-18/profits-won-the-child-safety-trial-against-meta-kicks-off-in-federal-court,,English,Tesla,TSLA,unknown,0.9
20260818T204500Z,  Profits won . The child safety trial against Meta kicks off in federal court,https://www.wxpr.org/2026-08-18/profits-won-the-child-safety-trial-against-meta-kicks-off-in-federal-court,,English,Tesla,TSLA,unknown,0.9
20260818T204500Z,  Profits won . The child safety trial against Meta kicks off in federal court,https://www.knau.org/npr-news/2026-08-18/profits-won-the-child-safety-trial-against-meta-kicks-off-in-federal-court,,English,Tesla,TSLA,unknown,0.9
20260818T201500Z,  Profits won . The child safety trial against Meta kicks off in federal court,https://www.apr.org/business-education/2026-08-18/profits-won-the-child-safety-trial-against-meta-kicks-off-in-federal-court,,English,Tesla,TSLA,unknown,0.9
20260818T201500Z,California Advances Autonomous Truck Testing | Heavy Duty Trucking,https://www.truckinginfo.com/news/autonomous-truck-testing-moves-ahead-in-california-as-teamsters-challenge-rules,,English,Tesla,TSLA,unknown,0.9
20260818T201500Z,Hyundai unifies vehicle V2X capabilities with AllDayEnergy entity,https://www.utilitydive.com/news/hyundai-unifies-vehicle-v2x-capabilities-with-alldayenergy-entity/828129/,,English,Tesla,TSLA,unknown,0.9
20260818T201500Z,  Profits won . The child safety trial against Meta kicks off in federal court,https://www.wsiu.org/economy/2026-08-18/profits-won-the-child-safety-trial-against-meta-kicks-off-in-federal-court,,English,Tesla,TSLA,unknown,0.9
20260818T200000Z,  Profits won . The child safety trial against Meta kicks off in federal court,https://www.wdiy.org/npr-news/2026-08-18/profits-won-the-child-safety-trial-against-meta-kicks-off-in-federal-court,,English,Tesla,TSLA,unknown,0.9
20260818T200000Z,  Profits won . The child safety trial against Meta kicks off in federal court,https://www.wkyufm.org/news/2026-08-18/profits-won-the-child-safety-trial-against-meta-kicks-off-in-federal-court,,English,Tesla,TSLA,unknown,0.9
20260818T200000Z,  Profits won . The child safety trial against Meta kicks off in federal court,https://www.wkms.org/npr-news/2026-08-18/profits-won-the-child-safety-trial-against-meta-kicks-off-in-federal-court,,English,Tesla,TSLA,unknown,0.9
20260818T200000Z,How US military funding propelled China robot dogs,https://www.militarytimes.com/industry/techwatch/2026/08/18/how-us-military-funding-propelled-chinas-robot-dogs/,,English,Tesla,TSLA,unknown,0.9
20260818T200000Z,  Profits won . The child safety trial against Meta kicks off in federal court,https://www.wmra.org/2026-08-18/profits-won-the-child-safety-trial-against-meta-kicks-off-in-federal-court,,English,Tesla,TSLA,unknown,0.9
20260818T200000Z,  Profits won . The child safety trial against Meta kicks off in federal court,https://www.wemu.org/npr-national-news/2026-08-18/profits-won-the-child-safety-trial-against-meta-kicks-off-in-federal-court,,English,Tesla,TSLA,unknown,0.9
20260818T200000Z,  Profits won . The child safety trial against Meta kicks off in federal court,https://www.kzyx.org/npr-news/2026-08-18/profits-won-the-child-safety-trial-against-meta-kicks-off-in-federal-court,,English,Tesla,TSLA,unknown,0.9
20260818T200000Z,  Profits won . The child safety trial against Meta kicks off in federal court,https://www.kmuw.org/2026-08-18/profits-won-the-child-safety-trial-against-meta-kicks-off-in-federal-court,,English,Tesla,TSLA,unknown,0.9
20260818T194500Z,Elon Musk faces judge wrath after $1 million voter payout found to be rigged,https://www.rawstory.com/elon-musk-voter-payout-rigged/,,English,Tesla,TSLA,unknown,0.9
20260818T194500Z,  Profits won . The child safety trial against Meta kicks off in federal court,https://www.wuky.org/npr-news/2026-08-18/profits-won-the-child-safety-trial-against-meta-kicks-off-in-federal-court,,English,Tesla,TSLA,unknown,0.9
20260818T194500Z,  Profits won . The child safety trial against Meta kicks off in federal court,https://www.kcbx.org/npr-top-news/2026-08-18/profits-won-the-child-safety-trial-against-meta-kicks-off-in-federal-court,,English,Tesla,TSLA,unknown,0.9
20260818T194500Z,  Profits won . The child safety trial against Meta kicks off in federal court,https://www.iowapublicradio.org/news-from-npr/2026-08-18/profits-won-the-child-safety-trial-against-meta-kicks-off-in-federal-court,,English,Tesla,TSLA,unknown,0.9
20260818T191500Z,  Profits won . The child safety trial against Meta kicks off in federal court,https://news.prairiepublic.org/news-from-npr/2026-08-18/profits-won-the-child-safety-trial-against-meta-kicks-off-in-federal-court,,English,Tesla,TSLA,unknown,0.9
20260818T191500Z,  Profits won . The child safety trial against Meta kicks off in federal court,https://wysu.org/npr-national-news/2026-08-18/profits-won-the-child-safety-trial-against-meta-kicks-off-in-federal-court,,English,Tesla,TSLA,unknown,0.9
20260818T191500Z,  Profits won . The child safety trial against Meta kicks off in federal court,https://www.wypr.org/2026-08-18/profits-won-the-child-safety-trial-against-meta-kicks-off-in-federal-court,,English,Tesla,TSLA,unknown,0.9
20260818T191500Z,  Profits won . The child safety trial against Meta kicks off in federal court,https://www.wfae.org/united-states-world/2026-08-18/profits-won-the-child-safety-trial-against-meta-kicks-off-in-federal-court,,English,Tesla,TSLA,unknown,0.9
20260818T191500Z,  Profits won . The child safety trial against Meta kicks off in federal court,https://www.kacu.org/2026-08-18/profits-won-the-child-safety-trial-against-meta-kicks-off-in-federal-court,,English,Tesla,TSLA,unknown,0.9
20260818T190000Z,  Profits won . The child safety trial against Meta kicks off in federal court,https://www.publicradiotulsa.org/npr-national-news/2026-08-18/profits-won-the-child-safety-trial-against-meta-kicks-off-in-federal-court,,English,Tesla,TSLA,unknown,0.9
20260818T190000Z,  Profits won . The child safety trial against Meta kicks off in federal court,https://www.interlochenpublicradio.org/2026-08-18/profits-won-the-child-safety-trial-against-meta-kicks-off-in-federal-court,,English,Tesla,TSLA,unknown,0.9
20260818T190000Z,  Profits won . The child safety trial against Meta kicks off in federal court,https://kansaspublicradio.org/npr-news/2026-08-18/profits-won-the-child-safety-trial-against-meta-kicks-off-in-federal-court,,English,Tesla,TSLA,unknown,0.9
20260818T190000Z,  Profits won . The child safety trial against Meta kicks off in federal court,https://www.kvpr.org/npr-news/2026-08-18/profits-won-the-child-safety-trial-against-meta-kicks-off-in-federal-court,,English,Tesla,TSLA,unknown,0.9
20260818T190000Z,  Profits won . The child safety trial against Meta kicks off in federal court,https://www.wutc.org/2026-08-18/profits-won-the-child-safety-trial-against-meta-kicks-off-in-federal-court,,English,Tesla,TSLA,unknown,0.9
20260818T184500Z,  Profits won . The child safety trial against Meta kicks off in federal court,https://www.klcc.org/npr-news/2026-08-18/profits-won-the-child-safety-trial-against-meta-kicks-off-in-federal-court,,English,Tesla,TSLA,unknown,0.9
20260818T184500Z,  Profits won . The child safety trial against Meta kicks off in federal court,https://www.kmxt.org/2026-08-18/profits-won-the-child-safety-trial-against-meta-kicks-off-in-federal-court,,English,Tesla,TSLA,unknown,0.9
20260818T184500Z,"What Next for Brewer , Maine Former Ruby Tuesday Building ? ",https://i95rocks.com/ixp/495/p/ruby-tuesday-brewer-maine/,,English,Tesla,TSLA,unknown,0.9
20260818T181500Z,  Profits won . The child safety trial against Meta kicks off in federal court,https://www.kvnf.org/npr-news/2026-08-18/profits-won-the-child-safety-trial-against-meta-kicks-off-in-federal-court,,English,Tesla,TSLA,unknown,0.9
20260818T181500Z,  Profits won . The child safety trial against Meta kicks off in federal court,https://www.kunm.org/npr-news/2026-08-18/profits-won-the-child-safety-trial-against-meta-kicks-off-in-federal-court,,English,Tesla,TSLA,unknown,0.9
20260818T181500Z,  Profits won . The child safety trial against Meta kicks off in federal court,https://www.kwbu.org/latest-from-npr/2026-08-18/profits-won-the-child-safety-trial-against-meta-kicks-off-in-federal-court,,English,Tesla,TSLA,unknown,0.9
20260818T180000Z,  Profits won . The child safety trial against Meta kicks off in federal court,https://www.wmuk.org/npr-news/2026-08-18/profits-won-the-child-safety-trial-against-meta-kicks-off-in-federal-court,,English,Tesla,TSLA,unknown,0.9
20260818T174500Z,"What Next for Brewer , Maine Former Ruby Tuesday Building ? ",https://q1065.fm/ixp/495/p/ruby-tuesday-brewer-maine/,,English,Tesla,TSLA,unknown,0.9
20260818T171500Z,How US military funding propelled China robot dogs,https://www.defensenews.com/industry/techwatch/2026/08/18/how-us-military-funding-propelled-chinas-robot-dogs/,,English,Tesla,TSLA,unknown,0.9
20260818T161500Z,Stellantis recalls 1 million cars globally over rearview cameras,https://driving.ca:443/auto-news/driver-info/stellantis-recall-rearview-camera-radio-defect-canada,,English,Tesla,TSLA,unknown,0.9
20260818T133000Z,The Modern Trail : Reading the Digital Evidence Left Behind by Today Vehicles,https://www.claimsjournal.com/sponsored/hodsonpi/2026/08/18/339450.htm,,English,Tesla,TSLA,unknown,0.9
20260818T104500Z,How U . S . military funding propelled China robot dogs,https://economictimes.indiatimes.com/news/defence/how-u-s-military-funding-propelled-chinas-robot-dogs/articleshow/133318607.cms,,English,Tesla,TSLA,unknown,0.9
20260818T094500Z,Home EV Charging Has A Hidden Cost . Here How To Reduce It And Lower Your Bill,https://insideevs.com:443/news/805275/home-ev-charging-losses-how-to-minimize/,,English,Tesla,TSLA,unknown,0.9
20260818T090000Z,Meta faces landmark US trial over social media harm to young people,https://slguardian.org/meta-faces-landmark-us-trial-over-social-media-harm-to-young-people/,,English,Tesla,TSLA,unknown,0.9
20260818T060000Z,A slapdash EV tax is not the answer,https://ctmirror.org/2026/08/18/a-slapdash-ev-tax-is-not-the-answer-barry/,,English,Tesla,TSLA,unknown,0.9
20260818T043000Z,I Traded My Tesla Model Y For A Polestar 4,https://cleantechnica.com/2026/08/17/i-traded-my-tesla-model-y-for-a-polestar-4/,,English,Tesla,TSLA,unknown,0.9
20260818T043000Z,To Disconnect or Not to Disconnect - CleanTechnica,https://cleantechnica.com/2026/08/17/to-disconnect-or-not-to-disconnect/,,English,Tesla,TSLA,unknown,0.9
20260818T043000Z,Sunrun to Supply Voltus with Energy Capacity for AI Hyperscaler Agreements,https://cleantechnica.com/2026/08/17/sunrun-to-supply-voltus-with-energy-capacity-for-ai-hyperscaler-agreements/,,English,Tesla,TSLA,unknown,0.9
20260818T000000Z,Meta heads to court in a landmark trial about kids and social media addiction,https://www.nhpr.org/national/2026-08-17/meta-heads-to-court-in-a-landmark-trial-about-kids-and-social-media-addiction,,English,Tesla,TSLA,unknown,0.9
20260817T201500Z,The Army gave General Dynamics $533M to build an artillery plant that produced nothing,https://www.govexec.com/defense/2026/08/artillery-plant-made-nothing/415460/,,English,Tesla,TSLA,unknown,0.9
20260817T191500Z,Meta heads to court in a landmark trial about kids and social media addiction,https://www.nhpr.org/2026-08-17/meta-heads-to-court-in-a-landmark-trial-about-kids-and-social-media-addiction,,English,Tesla,TSLA,unknown,0.9
20260817T161500Z,How Delta Air Lines Got A Second Chance In Texas,https://www.forbes.com/sites/tedreed/2026/08/17/how-delta-air-lines-got-a-second-chance-in-texas/,,English,Tesla,TSLA,unknown,0.9
20260817T160000Z,Meta heads to court in a landmark trial about kids and social media addiction,https://www.wrkf.org/npr-news/2026-08-17/meta-heads-to-court-in-a-landmark-trial-about-kids-and-social-media-addiction,,English,Tesla,TSLA,unknown,0.9
20260817T144500Z,Meta heads to court in a landmark trial about kids and social media addiction,https://www.wmuk.org/npr-news/2026-08-17/meta-heads-to-court-in-a-landmark-trial-about-kids-and-social-media-addiction,,English,Tesla,TSLA,unknown,0.9
20260817T144500Z,Meta heads to court in a landmark trial about kids and social media addiction,https://www.mtpr.org/2026-08-17/meta-heads-to-court-in-a-landmark-trial-about-kids-and-social-media-addiction,,English,Tesla,TSLA,unknown,0.9
20260817T141500Z,Meta heads to court in a landmark trial about kids and social media addiction,https://news.prairiepublic.org/news-from-npr/2026-08-17/meta-heads-to-court-in-a-landmark-trial-about-kids-and-social-media-addiction,,English,Tesla,TSLA,unknown,0.9
20260817T140000Z,Meta heads to court in a landmark trial about kids and social media addiction,https://www.wlrn.org/npr-breaking-news/2026-08-17/meta-heads-to-court-in-a-landmark-trial-about-kids-and-social-media-addiction,,English,Tesla,TSLA,unknown,0.9
20260817T134500Z,Meta heads to court in a landmark trial about kids and social media addiction,https://www.wknofm.org/news-from-npr/2026-08-17/meta-heads-to-court-in-a-landmark-trial-about-kids-and-social-media-addiction,,English,Tesla,TSLA,unknown,0.9
20260817T134500Z,Meta heads to court in a landmark trial about kids and social media addiction,https://www.kvnf.org/npr-news/2026-08-17/meta-heads-to-court-in-a-landmark-trial-about-kids-and-social-media-addiction,,English,Tesla,TSLA,unknown,0.9
20260817T133000Z,Meta heads to court in a landmark trial about kids and social media addiction,https://www.wvtf.org/2026-08-17/meta-heads-to-court-in-a-landmark-trial-about-kids-and-social-media-addiction,,English,Tesla,TSLA,unknown,0.9
20260817T133000Z,Futures Rise On Fresh Push Higher In Tech,https://www.zerohedge.com/markets/futures-rise-fresh-push-higher-tech,,English,Tesla,TSLA,unknown,0.9
20260817T133000Z,Meta heads to court in a landmark trial about kids and social media addiction,https://news.wfsu.org/npr-news/2026-08-17/meta-heads-to-court-in-a-landmark-trial-about-kids-and-social-media-addiction,,English,Tesla,TSLA,unknown,0.9
20260817T133000Z,Meta heads to court in a landmark trial about kids and social media addiction,https://www.mynspr.org/npr-news/2026-08-17/meta-heads-to-court-in-a-landmark-trial-about-kids-and-social-media-addiction,,English,Tesla,TSLA,unknown,0.9
20260817T133000Z,Meta heads to court in a landmark trial about kids and social media addiction,https://www.wyomingpublicmedia.org/2026-08-17/meta-heads-to-court-in-a-landmark-trial-about-kids-and-social-media-addiction,,English,Tesla,TSLA,unknown,0.9
20260817T133000Z,Meta heads to court in a landmark trial about kids and social media addiction,https://www.kgou.org/business-and-economy/2026-08-17/meta-heads-to-court-in-a-landmark-trial-about-kids-and-social-media-addiction,,English,Tesla,TSLA,unknown,0.9
20260817T131500Z,Meta heads to court in a landmark trial about kids and social media addiction,https://www.kjzz.org/npr-top-stories/2026-08-17/meta-heads-to-court-in-a-landmark-trial-about-kids-and-social-media-addiction,,English,Tesla,TSLA,unknown,0.9
20260817T131500Z,Meta heads to court in a landmark trial about kids and social media addiction,https://www.kwbu.org/latest-from-npr/2026-08-17/meta-heads-to-court-in-a-landmark-trial-about-kids-and-social-media-addiction,,English,Tesla,TSLA,unknown,0.9
20260817T130000Z,Meta heads to court in a landmark trial about kids and social media addiction,https://www.kccu.org/business/2026-08-17/meta-heads-to-court-in-a-landmark-trial-about-kids-and-social-media-addiction,,English,Tesla,TSLA,unknown,0.9
20260817T124500Z,Meta heads to court in a landmark trial about kids and social media addiction,https://www.wboi.org/npr-news/2026-08-17/meta-heads-to-court-in-a-landmark-trial-about-kids-and-social-media-addiction,,English,Tesla,TSLA,unknown,0.9
20260817T124500Z,Meta heads to court in a landmark trial about kids and social media addiction,https://www.wglt.org/2026-08-17/meta-heads-to-court-in-a-landmark-trial-about-kids-and-social-media-addiction,,English,Tesla,TSLA,unknown,0.9
20260817T124500Z,Meta heads to court in a landmark trial about kids and social media addiction,https://www.wfdd.org/national/2026-08-17/meta-heads-to-court-in-a-landmark-trial-about-kids-and-social-media-addiction,,English,Tesla,TSLA,unknown,0.9
20260817T124500Z,Meta heads to court in a landmark trial about kids and social media addiction,https://www.ideastream.org/2026-08-17/meta-heads-to-court-in-a-landmark-trial-about-kids-and-social-media-addiction,,English,Tesla,TSLA,unknown,0.9
20260817T124500Z,Meta heads to court in a landmark trial about kids and social media addiction,https://www.kuow.org/npr-news/2026-08-17/meta-heads-to-court-in-a-landmark-trial-about-kids-and-social-media-addiction,,English,Tesla,TSLA,unknown,0.9
20260817T123000Z,Meta heads to court in a landmark trial about kids and social media addiction,https://www.wvasfm.org/business/2026-08-17/meta-heads-to-court-in-a-landmark-trial-about-kids-and-social-media-addiction,,English,Tesla,TSLA,unknown,0.9
20260817T110000Z,Meta heads to court in a landmark trial about kids and social media addiction,https://www.wsiu.org/economy/2026-08-17/meta-heads-to-court-in-a-landmark-trial-about-kids-and-social-media-addiction,,English,Tesla,TSLA,unknown,0.9
20260817T110000Z,Meta heads to court in a landmark trial about kids and social media addiction,https://www.ksfr.org/npr-news/2026-08-17/meta-heads-to-court-in-a-landmark-trial-about-kids-and-social-media-addiction,,English,Tesla,TSLA,unknown,0.9
20260817T104500Z,Meta heads to court in a landmark trial about kids and social media addiction,https://www.kunr.org/npr-news/2026-08-17/meta-heads-to-court-in-a-landmark-trial-about-kids-and-social-media-addiction,,English,Tesla,TSLA,unknown,0.9
20260817T101500Z,Meta heads to court in a landmark trial about kids and social media addiction,https://kansaspublicradio.org/npr-news/2026-08-17/meta-heads-to-court-in-a-landmark-trial-about-kids-and-social-media-addiction,,English,Tesla,TSLA,unknown,0.9
20260817T094500Z,Meta heads to court in a landmark trial about kids and social media addiction,https://www.ualrpublicradio.org/npr-news/2026-08-17/meta-heads-to-court-in-a-landmark-trial-about-kids-and-social-media-addiction,,English,Tesla,TSLA,unknown,0.9
20260817T040000Z,Sodium - Ion Batteries Gain Ground as Lithium Alternative,https://www.thetidenewsonline.com/2026/08/sodium-ion-batteries-gain-ground-as-lithium-alternative/,,English,Tesla,TSLA,unknown,0.9
20260817T040000Z,ARENA backs UNSW research into grid - forming BESS in Australia,https://www.energy-storage.news/australian-renewable-energy-agency-backs-unsw-research-into-grid-forming-battery-storage-and-system-strength/,,English,Tesla,TSLA,unknown,0.9
20260816T141500Z,Commentary : Trump is aiding a golden age for renewable energy,https://www.dailyrepublic.com/opinion/commentary-trump-is-aiding-a-golden-age-for-renewable-energy/article_c734a8d1-262f-449a-85eb-4a8a13076a77.html,,English,Tesla,TSLA,positive,0.9
20260816T111500Z,Gen Z : Channel your energy towards building Bharat,https://organiser.org/2026/08/16/375059/bharat/gen-z-channel-your-energy-towards-building-bharat/,,English,Tesla,TSLA,unknown,0.9
20260816T110000Z,"Car insurance policy reform , DSA politics : PD Letters",https://www.pressdemocrat.com/2026/08/16/letters-to-the-editor-sunday-aug-16/,,English,Tesla,TSLA,unknown,0.9
20260815T200000Z,Times Opinion : Trump is aiding a golden age for renewable energy | Chattanooga Times Free Press,https://www.timesfreepress.com/news/2026/aug/15/times-opinion-trump-is-aiding-a-golden-age-for/,,English,Tesla,TSLA,positive,0.9
20260815T163000Z,Fiasco in the factory : Taxpayers funded a $533 million artillery plant that made nothing,https://www.dailykos.com/stories/2026/8/15/800084191/news/fiasco-in-the-factory-taxpayers-funded-a-533-million-artillery-plant-that-made-nothing/,,English,Tesla,TSLA,unknown,0.9
20260815T163000Z,Save the West lets beasts in power ruined world - 博客,https://blog.wenxuecity.com/myblog/72696/202608/10969.html,,English,Tesla,TSLA,unknown,0.9
20260815T094500Z,"Tesla , Inc . $TSLA is QRG Capital Management Inc . 10th Largest Position",https://www.tickerreport.com/banking-finance/13544177/tesla-inc-tsla-is-qrg-capital-management-inc-s-10th-largest-position.html,,English,Tesla,TSLA,unknown,0.9
20260815T074500Z,New big electric van makes a budget pitch,https://www.canberratimes.com.au/story/9330884/new-big-electric-van-makes-a-budget-pitch/,,English,Tesla,TSLA,unknown,0.9
20260815T064500Z,My second crib : They own homes in Singapore . So why are they renting abroad ? ,https://www.asiaone.com/lifestyle/singaporeans-renting-overseas,,English,Tesla,TSLA,unknown,0.9
20260815T063000Z,Catawba College solar racing team earns national award,https://journalnow.com/news/community/article_e55e24e9-cfd2-5427-b43c-8daa14b9b288.html,,English,Tesla,TSLA,positive,0.9
20260815T051500Z,My second crib : They own homes in Singapore . So why are they renting abroad ? ,https://www.asiaone.com:443/lifestyle/singaporeans-renting-overseas,,English,Tesla,TSLA,unknown,0.9
20260815T041500Z,Elon Musk and Orbital Compute,https://www.livetradingnews.com/elon-musk-and-orbital-compute,,English,Tesla,TSLA,unknown,0.9
20260815T024500Z,Singaporeans renting abroad : second properties overseas,https://www.straitstimes.com/life/my-second-crib-they-own-homes-in-singapore-so-why-are-they-renting-abroad,,English,Tesla,TSLA,unknown,0.9
20260815T014500Z,"  Youre Not Ready : Judge Warns Tesla , Agency Of Sanctions",https://www.law360.com:443/articles/2513692/-you-re-not-ready-judge-warns-tesla-agency-of-sanctions,,English,Tesla,TSLA,unknown,0.9
20260815T010000Z,"Tesla wants tax breaks to build solar manufacturing plant in Fort Bend County , documents reveal",https://abc13.com/post/tesla-wants-tax-breaks-build-solar-manufacturing-plant-fort-bend-county-documents-reveal/19679629/,,English,Tesla,TSLA,positive,0.9
20260815T003000Z,"Roundup of what making news in the climate , environment",https://augustafreepress.com/news/earl-zimmerman-roundup-of-whats-making-news-in-the-climate-environment/,,English,Tesla,TSLA,unknown,0.9
20260815T001500Z,"Tesla wants tax breaks to build solar manufacturing plant in Fort Bend County , documents reveal",https://finance.yahoo.com/economy/policy/articles/tesla-wants-tax-breaks-build-233417238.html,,English,Tesla,TSLA,positive,0.9
20260814T231500Z,House of Light & Shadow | William Duff Architects,https://archinect.com/firms/project/102117474/house-of-light-shadow/150559315,,English,Tesla,TSLA,unknown,0.9
20260814T231500Z,"Calif .: Facing hit - and - run charge , Paul Pelosi skips court hearing and sends high - powered attorney instead",https://www.oann.com/newsroom/calif-facing-hit-and-run-charge-paul-pelosi-skips-court-hearing-and-sends-high-powered-attorney-instead/,,English,Tesla,TSLA,unknown,0.9
20260814T194500Z,Successful Digital Marketing In The Automotive Industry,https://everything-pr.com/successful-digital-marketing-in-the-automotive-industry,,English,Tesla,TSLA,unknown,0.9
20260814T191500Z,"7UP NEW FORMULA , CELEBRITY TIPPING & A TRIP DOWN MEMORY LANE – 105 . 7 The Point",https://www.1057thepoint.com/episode/7ups-new-formula-celebrity-tipping-a-trip-down-memory-lane-2/,,English,Tesla,TSLA,unknown,0.9
20260814T173000Z,Energy Stocks To Research – August 14th,https://www.themarketsdaily.com/2026/08/14/energy-stocks-to-research-august-14th.html,,English,Tesla,TSLA,unknown,0.9
20260814T160000Z,"One Of Subaru Most Important Design Features Disappeared , And Nobody Really Noticed",https://carbuzz.com/subaru-important-design-feature-disappeared/,,English,Tesla,TSLA,unknown,0.9
20260814T153000Z,"Microsoft retreats in China , but AI boom helps it keep a window open",https://www.thehindu.com/sci-tech/technology/microsoft-retreats-in-china-but-ai-boom-helps-it-keep-a-window-open/article71343964.ece,,English,Tesla,TSLA,positive,0.9
20260814T144500Z,Family Sue Florida Police Over Fatal Crash,https://bernews.com/2026/08/family-suing-florida-police-over-fatal-crash/,,English,Tesla,TSLA,unknown,0.9
20260814T141500Z,Mark Gongloff : Trump is aiding a golden age for renewable energy,https://www.twincities.com/2026/08/14/mark-gongloff-trump-is-aiding-a-golden-age-for-renewable-energy/,,English,Tesla,TSLA,positive,0.9
20260814T141500Z,"Forbes Daily : CEO Pay Hits All - Time High , Thanks To Elon Musk",https://www.forbes.com/sites/sarahwhitmire/2026/08/14/forbes-daily-ceo-pay-hits-all-time-high-thanks-to-elon-musk/,,English,Tesla,TSLA,unknown,0.9
20260814T134500Z,Elon Musk Net Worth : The Journey Behind His Billionaire Status - africanbusinessreview . co . za,https://www.africanbusinessreview.co.za/elon-musk-net-worth/,,English,Tesla,TSLA,unknown,0.9
20260814T124500Z,Stocks Set To Post Fresh All Time High As Tech Euphoria Returns,https://www.zerohedge.com/markets/stocks-set-post-fresh-all-time-high-tech-euphoria-returns,,English,Tesla,TSLA,unknown,0.9
20260814T094500Z,"Tesla , Inc . $TSLA Holdings Lifted by LRI Investments LLC",https://www.tickerreport.com/banking-finance/13542677/tesla-inc-tsla-holdings-lifted-by-lri-investments-llc.html,,English,Tesla,TSLA,unknown,0.9
20260814T094500Z,"Tesla , Inc . $TSLA Shares Sold by Net Worth Advisory Group",https://www.themarketsdaily.com/2026/08/14/tesla-inc-tsla-shares-sold-by-net-worth-advisory-group.html,,English,Tesla,TSLA,unknown,0.9
20260814T090000Z,Ro Khanna on a 2028 presidential run and taking on tech billionaires : NPR Newsmakers : NPR,https://www.npr.org/transcripts/nx-s1-5887591,,English,Tesla,TSLA,unknown,0.9
20260814T061500Z,"Microsoft retreats in China , but AI boom helps it keep a window open",https://www.business-standard.com/technology/tech-news/microsoft-retreats-in-china-but-ai-boom-helps-it-keep-a-window-open-126081400750_1.html,,English,Tesla,TSLA,positive,0.9
20260814T054500Z,"2026 Mercedes - Benz CLA250+ in Malaysia – C174 EV , 272 PS , 792 km WLTP range , MBUX Superscreen , RM275k",https://paultan.org/2026/08/14/2026-mercedes-benz-cla250-in-malaysia-c174-ev-272-ps-792-km-wltp-range-mbux-superscreen-rm275k/,,English,Tesla,TSLA,unknown,0.9
20260814T050000Z,EVgo ( EVGO ) Q2 2026 Earnings Call Transcript,https://finance.yahoo.com/markets/stocks/articles/evgo-evgo-q2-2026-earnings-164403633.html,,English,Tesla,TSLA,unknown,0.9
20260814T044500Z,The Electron Standard : Electricity Is the Real Reserve Currency,https://www.livetradingnews.com/the-electron-standard,,English,Tesla,TSLA,unknown,0.9
20260814T041500Z,Nikhil Kamath asks whether India should build EVs or batteries . The answer from Chinese experts may surprise you,https://economictimes.indiatimes.com/industry/renewables/nikhil-kamath-asks-whether-india-should-build-evs-or-batteries-the-answer-from-chinese-experts-may-surprise-you/articleshow/133228289.cms,,English,Tesla,TSLA,unknown,0.9
20260814T041500Z,BMW China : Foot to the Floor,https://english.ckgsb.edu.cn/knowledge/article/bmw-china-foot-to-the-floor/,,English,Tesla,TSLA,unknown,0.9
20260814T034500Z,"Microsoft retreats in China , but AI boom helps it keep a window open",https://www.asiaone.com:443/china/microsoft-retreats-china-ai-boom-helps-it-keep-window-open,,English,Tesla,TSLA,positive,0.9
20260814T021500Z,Trump Is Spending Billions On The Minerals That Power EVs,https://oilprice.com/Energy/Energy-General/Trump-Is-Spending-Billions-On-The-Minerals-That-Power-EVs.html,,English,Tesla,TSLA,unknown,0.9
20260814T013000Z,Tesla Plans a Massive 124 - Stall Charging Hub in the Middle of SF,https://www.businessinsider.com/tesla-plans-massive-124-stalls-charging-hub-in-san-francisco-2026-8,,English,Tesla,TSLA,unknown,0.9
20260814T004500Z,Legence ( LGN ) Q2 2026 Earnings Call Transcript,https://www.fool.com/earnings/call-transcripts/2026/08/13/legence-lgn-q2-2026-earnings-call-transcript/?source=iedfolrf0000001,,English,Tesla,TSLA,unknown,0.9
20260813T230000Z,Maker faire Hannover 2026,https://makezine.com/article/maker-news/maker-faire-hannover-2026/,,English,Tesla,TSLA,unknown,0.9
20260813T230000Z,Joshua Frank on the Dark Side of Green Energy,https://www.corporatecrimereporter.com/news/200/joshua-frank-on-the-dark-side-of-green-energy/,,English,Tesla,TSLA,unknown,0.9
20260813T204500Z,Best new cars for under £500 per month,https://www.autoexpress.co.uk/best/cars-for-500-per-month,,English,Tesla,TSLA,unknown,0.9
20260813T181500Z,Want to Invest Beyond the US ? Here Are 3 Top European Stocks to Consider,https://www.morningstar.com/stocks/want-invest-beyond-us-here-are-3-top-european-stocks-consider,,English,Tesla,TSLA,unknown,0.9
20260813T124500Z,Metals of war : why US Govt has weaponised mining,https://www.miningmx.com/news/battery-minerals/66253-metals-of-war-why-us-govt-has-weaponised-mining/,,English,Tesla,TSLA,unknown,0.9
20260813T123000Z,Section 232 may offer  limited prospect for US solar wafer capacity,https://www.pv-tech.org/section-232-may-offer-limited-prospects-for-us-solar-wafer-capacity/,,English,Tesla,TSLA,positive,0.9
20260813T114500Z,"Microsoft In China : Microsoft Strategic Retreat in China Amid AI Boom , ETTelecom",https://telecom.economictimes.indiatimes.com/news/internet/microsoft-retreats-in-china-but-ai-boom-helps-it-keep-a-window-open/133208038,,English,Tesla,TSLA,unknown,0.9
20260813T113000Z,Sam Altman Sister Says PTSD Was  Direct  Result of Alleged Childhood Abuse : Elon Musk Reacts  Wow  ,https://www.ibtimes.co.uk/sam-altman-sister-ptsd-childhood-abuse-elon-musk-reaction-1813957,,English,Tesla,TSLA,unknown,0.9
20260813T063000Z,The Week Biggest News in Brief : Aug . 6 - 12 • The Austin Chronicle,https://www.austinchronicle.com/news/the-weeks-biggest-news-in-brief-aug-6-12/,,English,Tesla,TSLA,unknown,0.9
20260813T050000Z,"Isle of Palms leaders revisit home lighting rules to curb light pollution , protect wildlife",https://abcnews4.com/news/local/isle-of-palms-leaders-revisit-home-lighting-rules-to-curb-light-pollution-protect-wildlifelighting-pollution-crazy-charleston-south-carolina-news-trending-viral,,English,Tesla,TSLA,negative,0.9
20260813T041500Z,"Making 200 , 000 Yuan on a Single Winning Lot ? The Math Behind Unitree IPO Isnt That Simple",https://autonews.gasgoo.com/articles/news/making-200000-yuan-on-a-single-winning-lot-the-math-behind-unitrees-ipo-isnt-that-simple-2087743093771362305,,English,Tesla,TSLA,unknown,0.9
20260813T014500Z,Weapons Maker Was Paid $533M in Taxpayer Funds to Produce Shells . It Made None . ,https://truthout.org/articles/weapons-maker-was-paid-533m-in-taxpayer-funds-to-produce-shells-it-made-none/,,English,Tesla,TSLA,unknown,0.9
20260812T233000Z,Has the U . S . lost its dominance to China ? ,https://www.southcarolinapublicradio.org/news/2026-08-12/has-the-u-s-lost-its-dominance-to-china,,English,Tesla,TSLA,unknown,0.9
20260812T233000Z,Has the U . S . lost its dominance to China ? ,https://www.wglt.org/2026-08-12/has-the-u-s-lost-its-dominance-to-china,,English,Tesla,TSLA,unknown,0.9
20260812T231500Z,Has the U . S . lost its dominance to China ? ,https://www.npr.org/2026/08/12/nx-s1-5928224/has-the-u-s-lost-its-dominance-to-china,,English,Tesla,TSLA,unknown,0.9
20260812T231500Z,Has the U . S . lost its dominance to China ? ,https://www.npr.org/transcripts/nx-s1-5928224,,English,Tesla,TSLA,unknown,0.9
20260812T231500Z,Has the U . S . lost its dominance to China ? ,https://www.wamc.org/2026-08-12/has-the-u-s-lost-its-dominance-to-china,,English,Tesla,TSLA,unknown,0.9
20260812T214500Z,Has the U . S . lost its dominance to China ? ,https://www.iowapublicradio.org/news-from-npr/2026-08-12/has-the-u-s-lost-its-dominance-to-china,,English,Tesla,TSLA,unknown,0.9
20260812T213000Z,Has the U . S . lost its dominance to China ? ,https://knpr.org/npr/2026-08-12/has-the-u-s-lost-its-dominance-to-china,,English,Tesla,TSLA,unknown,0.9
20260812T213000Z,Has the U . S . lost its dominance to China ? ,https://www.kgou.org/world/2026-08-12/has-the-u-s-lost-its-dominance-to-china,,English,Tesla,TSLA,unknown,0.9
20260812T213000Z,"Hello Houston ( August 12 , 2026 ) – Houston Public Media",https://www.houstonpublicmedia.org/articles/shows/hello-houston/2026/08/12/559295/hello-houston-august-12-2026/,,English,Tesla,TSLA,unknown,0.9
20260812T213000Z,Has the U . S . lost its dominance to China ? ,https://www.wkyufm.org/news/2026-08-12/has-the-u-s-lost-its-dominance-to-china,,English,Tesla,TSLA,unknown,0.9
20260812T213000Z,Has the U . S . lost its dominance to China ? ,https://www.ketr.org/2026-08-12/has-the-u-s-lost-its-dominance-to-china,,English,Tesla,TSLA,unknown,0.9
20260812T211500Z,Has the U . S . lost its dominance to China ? ,https://www.wqcs.org/2026-08-12/has-the-u-s-lost-its-dominance-to-china,,English,Tesla,TSLA,unknown,0.9
20260812T211500Z,Has the U . S . lost its dominance to China ? ,https://www.wlrn.org/npr-breaking-news/2026-08-12/has-the-u-s-lost-its-dominance-to-china,,English,Tesla,TSLA,unknown,0.9
20260812T210000Z,Could Northern Nevada tech epicenter run out of water ? That the big question in an ongoing suit,https://www.carsonnow.org/08/12/2026/could-northern-nevadas-tech-epicenter-run-out-of-water-thats-the-big-question-in-an-ongoing-suit,,English,Tesla,TSLA,unknown,0.9
20260812T204500Z,Has the U . S . lost its dominance to China ? ,https://www.kuaf.com/npr-news/2026-08-12/has-the-u-s-lost-its-dominance-to-china,,English,Tesla,TSLA,unknown,0.9
20260812T200000Z,Has the U . S . lost its dominance to China ? ,https://www.ualrpublicradio.org/npr-news/2026-08-12/has-the-u-s-lost-its-dominance-to-china,,English,Tesla,TSLA,unknown,0.9
20260812T200000Z,Has the U . S . lost its dominance to China ? ,https://www.wfae.org/world/2026-08-12/has-the-u-s-lost-its-dominance-to-china,,English,Tesla,TSLA,unknown,0.9
20260812T200000Z,Has the U . S . lost its dominance to China ? ,https://www.wdiy.org/npr-news/2026-08-12/has-the-u-s-lost-its-dominance-to-china,,English,Tesla,TSLA,unknown,0.9
20260812T200000Z,The 2027 Kia EV3 Is Almost the Cheapest New EV in America,https://www.motortrend.com/news/2027-kia-ev3-pricing,,English,Tesla,TSLA,unknown,0.9
20260812T200000Z,Has the U . S . lost its dominance to China ? ,https://www.ksmu.org/2026-08-12/has-the-u-s-lost-its-dominance-to-china,,English,Tesla,TSLA,unknown,0.9
20260812T200000Z,Has the U . S . lost its dominance to China ? ,https://www.kunc.org/npr-news/2026-08-12/has-the-u-s-lost-its-dominance-to-china,,English,Tesla,TSLA,unknown,0.9
20260812T190000Z,AI Giants Are Quiet on Climate in Sign of Post - ESG Wall Street,https://www.insurancejournal.com/news/national/2026/08/12/881245.htm,,English,Tesla,TSLA,positive,0.9
20260812T174500Z,Tesla wants to build a $10B solar factory in Texas,https://techcrunch.com/2026/08/12/tesla-wants-to-build-a-10b-solar-factory-in-texas/,,English,Tesla,TSLA,positive,0.9
20260812T171500Z,"Volkswagen Tiguan Review 2026 , Price & Specs",https://www.whatcar.com:443/volkswagen/tiguan/estate/review/n17357,,English,Tesla,TSLA,unknown,0.9
20260812T171500Z,The Energy Revolution : The Critics Saw an Energy Crisis . Visionaries Built an Entirely New Energy System . ,https://www.wealthdaily.com/the-energy-revolution-the-critics-saw-an-energy-crisis-visionaries-built-an-entirely-new-energy-system/,,English,Tesla,TSLA,unknown,0.9
20260812T171500Z,"BYD Seal Review 2026 , Price & Specs",https://www.whatcar.com:443/byd/seal/saloon/review/n26074,,English,Tesla,TSLA,unknown,0.9
20260812T170000Z,Elon Musk new megaproject is about to transform Texas,https://www.theblaze.com/tech/musk-spacex-tesla-tex-factory,,English,Tesla,TSLA,unknown,0.9
20260812T161500Z,Elon Musk $16 . 8 Billion Chip Factory Could Become the World Largest Building,https://www.ibtimes.com/elon-musks-168-billion-chip-factory-could-become-worlds-largest-building-3806325,,English,Tesla,TSLA,unknown,0.9
20260812T160000Z,Norway Wealth Fund Reveals $1 Billion SpaceX Investment,https://www.businessinsider.com/norway-wealth-fund-reveals-1-billion-spacex-investment-2026-8,,English,Tesla,TSLA,unknown,0.9
20260812T144500Z,Elon Musk warns  population collapse  could destroy civilisation . New study says 4 billion people by 2200 could be better for Earth,https://www.moneycontrol.com/world/elon-musk-warns-population-collapse-could-destroy-civilisation-new-study-says-4-billion-people-by-2200-could-be-better-for-earth-article-14003493.html,,English,Tesla,TSLA,unknown,0.9
20260812T094500Z,Traceability Comes for Ferrochrome : What the Buyers Enforced That Regulators Could Not,https://www.riotimesonline.com/traceability-comes-for-ferrochrome-what-the-buyers-enforced-that-regulators-could-not/,,English,Tesla,TSLA,unknown,0.9
20260819T081500Z,From megawatts to prosperity : Rural electrification in the age of AI - Blueprint Newspapers Limited,https://blueprint.ng/from-megawatts-to-prosperity-rural-electrification-in-the-age-of-ai/,,English,Amazon,AMZN,unknown,0.9
20260819T080000Z,Data centers turning to gas power | The Arkansas Democrat - Gazette - Arkansa Best News Source,https://www.arkansasonline.com/news/2026/aug/19/data-centers-turning-to-gas-power/,,English,Amazon,AMZN,unknown,0.9
20260819T071500Z,Nominative Fair Use Doesnt Stop Airbnb From Reclaiming Domain Name - Trademark,https://www.mondaq.com:443/unitedstates/trademark/1832692/nominative-fair-use-doesnt-stop-airbnb-from-reclaiming-domain-name,,English,Amazon,AMZN,unknown,0.9
20260819T071500Z,CCPA Fines Amazon ₹1 Lakh For Permitting Sale Of Regular Sweets Under False Label Of  Shri Ram Mandir Ayodhya Prasad  ,https://www.livelaw.in/news-updates/ccpa-amazon-ayodhya-ram-mandir-prasad-misleading-claim-fine-546405,,English,Amazon,AMZN,unknown,0.9
20260819T063000Z,"Infratil shareholders appoint controversial Australian director , raise fears about overbuilding data centres",https://www.nzherald.co.nz/business/infratil-shareholders-appoint-controversial-australian-director-raise-fears-about-overbuilding-data-centres/premium/JQERV3CRVNC57H4JHQ6QX2MJPU/,,English,Amazon,AMZN,unknown,0.9
20260819T051500Z,Homey Pro : the universal translator for your smart home,https://itwire.com/your-it-news/home-it/homey-pro-the-universal-translator-for-your-smart-home,,English,Amazon,AMZN,unknown,0.9
20260819T051500Z,8 Best Vendor Management Software Platforms in Australia for 2026,https://itwire.com/guest-articles/guest-reviews/8-best-vendor-management-software-platforms-in-australia-for-2026,,English,Amazon,AMZN,unknown,0.9
20260819T044500Z,"Why the Address hotel is the ultimate stay in Cork , Ireland | South Coast Register",https://www.southcoastregister.com.au/story/9327535/why-the-address-hotel-is-the-ultimate-stay-in-cork-ireland/,,English,Amazon,AMZN,unknown,0.9
20260819T041500Z,Permian Basin community seeks fix for radium in its drinking water,https://www.tpr.org/environment/2026-08-18/permian-basin-community-seeks-fix-for-radium-in-its-drinking-water,,English,Amazon,AMZN,unknown,0.9
20260819T040000Z,Six - month moratorium on data centers approved in Calvert,http://www.somdnews.com/recorder/news/local/six-month-moratorium-on-data-centers-approved-in-calvert/article_483247c1-613e-40f4-ac4d-365ef877ed85.html,,English,Amazon,AMZN,unknown,0.9
20260819T030000Z,"First Alert Weather : More heat advisories , possible strong to severe storms west",https://www.wbrc.com/2026/08/18/first-alert-weather-more-heat-advisories-possible-strong-severe-storms-west/,,English,Amazon,AMZN,unknown,0.9
20260819T024500Z,5 Compact Speakers That Deliver More Powerful Sound Than Your Phone,https://www.bgr.com/2236407/compact-speakers-more-powerful-sound-phone/,,English,Amazon,AMZN,unknown,0.9
20260819T023000Z,DePIN is Dead . Long Live Infrastructure - as - a - Service . ,https://konstantintkachuk.com/writing/depin-is-dead-long-live-infrastructure-as-a-service/,,English,Amazon,AMZN,unknown,0.9
20260819T023000Z,Governor races are being increasingly buffeted by the toxic politics of data centers,https://www.timesleader.com/news/1752423/governors-races-are-being-increasingly-buffeted-by-the-toxic-politics-of-data-centers,,English,Amazon,AMZN,unknown,0.9
20260819T021500Z,Amazon bars customers from seeking class - action lawsuits,https://www.dailycamera.com/2026/08/18/amazon-bars-customers-from-seeking-class-action-lawsuits/,,English,Amazon,AMZN,negative,0.9
20260819T021500Z,Amazon bars customers from seeking class - action lawsuits,https://www.orovillemr.com/2026/08/18/amazon-bars-customers-from-seeking-class-action-lawsuits/,,English,Amazon,AMZN,negative,0.9
20260819T021500Z,Amazon bars customers from seeking class - action lawsuits,https://www.journal-advocate.com/2026/08/18/amazon-bars-customers-from-seeking-class-action-lawsuits/,,English,Amazon,AMZN,negative,0.9
20260819T021500Z,Amazon bars customers from seeking class - action lawsuits,https://www.timesherald.com/2026/08/18/amazon-bars-customers-from-seeking-class-action-lawsuits/,,English,Amazon,AMZN,negative,0.9
20260819T021500Z,Nonfiction Views : This week notable new nonfiction,https://www.dailykos.com/stories/2026/8/18/800085375/community/nonfiction-views-august-18th-2026/,,English,Amazon,AMZN,unknown,0.9
20260819T020000Z,Noise - Cancelling Headphones That Survive Real Travel,https://www.aceshowbiz.com/news/view/00261075.html,,English,Amazon,AMZN,unknown,0.9
20260819T020000Z,"The Jackery Explorer 240D 80 , 000mAh Power Bank Drops Below $100 for the First Time",https://www.ign.com/articles/the-jackery-explorer-240d-80000mah-power-bank-drops-below-100-for-the-first-time,,English,Amazon,AMZN,unknown,0.9
20260819T014500Z,Amazon bars customers from seeking class - action lawsuits,https://www.thetimes-tribune.com/2026/08/18/amazon-bars-customers-from-seeking-class-action-lawsuits/,,English,Amazon,AMZN,negative,0.9
20260819T014500Z,  Dog Head  in Austin : Developer gives inside look at controversial project,https://www.fox7austin.com/news/dogs-head-austin-developer-gives-inside-look-controversial-project,,English,Amazon,AMZN,unknown,0.9
20260819T014500Z,Amazon bars customers from seeking class - action lawsuits,https://www.broomfieldenterprise.com/2026/08/18/amazon-bars-customers-from-seeking-class-action-lawsuits/,,English,Amazon,AMZN,negative,0.9
20260819T014500Z,Amazon bars customers from seeking class - action lawsuits,https://www.sun-sentinel.com/2026/08/18/amazon-bars-customers-from-seeking-class-action-lawsuits/,,English,Amazon,AMZN,negative,0.9
20260819T014500Z,Amazon bars customers from seeking class - action lawsuits,https://www.courant.com/2026/08/18/amazon-bars-customers-from-seeking-class-action-lawsuits/,,English,Amazon,AMZN,negative,0.9
20260819T014500Z,Amazon bars customers from seeking class - action lawsuits,https://www.reporterherald.com/2026/08/18/amazon-bars-customers-from-seeking-class-action-lawsuits/,,English,Amazon,AMZN,negative,0.9
20260819T014500Z,Amazon bars customers from seeking class - action lawsuits,https://www.mcall.com/2026/08/18/amazon-bars-customers-from-seeking-class-action-lawsuits/,,English,Amazon,AMZN,negative,0.9
20260819T013000Z,Amazon bars customers from seeking class - action lawsuits,https://www.readingeagle.com/2026/08/18/amazon-bars-customers-from-seeking-class-action-lawsuits/,,English,Amazon,AMZN,negative,0.9
20260819T011500Z,Canada Q2 2026 M & A Landscape,https://www.bennettjones.com/Insights/Blogs/2026/07/Canadas-Q2-2026-MA-Landscape,,English,Amazon,AMZN,unknown,0.9
20260819T011500Z,Amazon bars customers from seeking class - action lawsuits,https://www.republicanherald.com/2026/08/18/amazon-bars-customers-from-seeking-class-action-lawsuits/,,English,Amazon,AMZN,negative,0.9
20260819T011500Z,Amazon bars customers from seeking class - action lawsuits,https://www.bostonherald.com/2026/08/18/amazon-bars-customers-from-seeking-class-action-lawsuits/,,English,Amazon,AMZN,negative,0.9
20260819T011500Z,Amazon bars customers from seeking class - action lawsuits,https://www.citizensvoice.com/2026/08/18/amazon-bars-customers-from-seeking-class-action-lawsuits/,,English,Amazon,AMZN,negative,0.9
20260819T011500Z,"Tiffany attack ad on Crowley and data centers is misleading at best , as GOP candidate has publicly backed them in new audio - WRJN",https://wrjn.com/news/2026/08/18/tiffanys-attack-ad-on-crowley-and-data-centers-is-misleading-at-best-as-gop-candidate-has-publicly-backed-them-in-new-audio,,English,Amazon,AMZN,unknown,0.9
20260819T011500Z,Gov . Shapiro imposes restrictions on  speculative  data centers,https://www.phillyvoice.com/josh-shapiro-data-center-restrictions-pa/,,English,Amazon,AMZN,unknown,0.9
20260819T011500Z,From megawatts to prosperity : Rural electrification in the age of AI,https://tribuneonlineng.com/from-megawatts-to-prosperity-rural-electrification-in-the-age-of-ai/,,English,Amazon,AMZN,unknown,0.9
20260819T010000Z,Governor races are being increasingly buffeted by the toxic politics of data centers,https://www.ksat.com/news/politics/2026/08/18/governors-races-are-being-increasingly-buffeted-by-the-toxic-politics-of-data-centers/,,English,Amazon,AMZN,unknown,0.9
20260819T010000Z,Amazon bars customers from seeking class - action lawsuits,https://www.dailydemocrat.com/2026/08/18/amazon-bars-customers-from-seeking-class-action-lawsuits/,,English,Amazon,AMZN,negative,0.9
20260819T010000Z,Amazon bars customers from seeking class - action lawsuits,https://www.advocate-news.com/2026/08/18/amazon-bars-customers-from-seeking-class-action-lawsuits/,,English,Amazon,AMZN,negative,0.9
20260819T010000Z,Amazon bars customers from seeking class - action lawsuits,https://www.pilotonline.com/2026/08/18/amazon-bars-customers-from-seeking-class-action-lawsuits/,,English,Amazon,AMZN,negative,0.9
20260819T004500Z,KING : Champions of Charity Luncheon to feature giving story of musician Randy Rogers and comedian Steve Treviño,https://herald-zeitung.com/opinion/king-champions-of-charity-luncheon-to-feature-giving-story-of-musician-randy-rogers-and-comedian/article_8351642b-9ccd-405d-b8d3-4f718ce631db.html,,English,Amazon,AMZN,unknown,0.9
20260819T004500Z,Fairphone Repairable Smartphones Debut in the US With the 6 Plus,https://www.cnet.com/tech/mobile/fairphones-repairable-smartphones-debut-in-the-us-with-the-6-plus/,,English,Amazon,AMZN,unknown,0.9
20260819T004500Z,Governor races are being increasingly buffeted by the toxic politics of data centers,https://www.wmtv15news.com/2026/08/18/governors-races-are-being-increasingly-buffeted-by-toxic-politics-data-centers/,,English,Amazon,AMZN,unknown,0.9
20260819T004500Z,Amazon bars customers from seeking class - action lawsuits,https://www.orlandosentinel.com/2026/08/18/amazon-bars-customers-from-seeking-class-action-lawsuits/,,English,Amazon,AMZN,negative,0.9
20260819T003000Z,Amazon bars customers from seeking class - action lawsuits,https://www.timescall.com/2026/08/18/amazon-bars-customers-from-seeking-class-action-lawsuits/,,English,Amazon,AMZN,negative,0.9
20260819T003000Z,4 Very Well - Known High - Yielding Stocks to Load the Boat on Now ( 2 Yield Over 6 %) ,https://finance.yahoo.com/markets/stocks/articles/4-very-well-known-high-122030768.html,,English,Amazon,AMZN,unknown,0.9
20260819T003000Z,Amazon bars customers from seeking class - action lawsuits,https://www.dailylocal.com/2026/08/18/amazon-bars-customers-from-seeking-class-action-lawsuits/,,English,Amazon,AMZN,negative,0.9
20260819T001500Z,GMKtec NucBox EVO X1 PRO  AMD Ryzen AI 9 HX 470  Mini PC Review : Gorgon Dials Up The CPU Horsepower In Compact PCs,https://wccftech.com/review/gmktec-nucbox-evo-x1-pro-amd-ryzen-ai-9-hx-470-mini-pc-review/,,English,Amazon,AMZN,unknown,0.9
20260818T234500Z,Amazon bars customers from seeking class - action lawsuits,https://www.dailynews.com/2026/08/18/amazon-bars-customers-from-seeking-class-action-lawsuits/,,English,Amazon,AMZN,negative,0.9
20260818T234500Z,Governor races are being increasingly buffeted by the toxic politics of data centers,https://www.wfmj.com/news/consumer/governors-races-are-being-increasingly-buffeted-by-the-toxic-politics-of-data-centers/article_9e4c4a37-4369-5003-9d42-0959bf3a8051.html,,English,Amazon,AMZN,unknown,0.9
20260818T234500Z,Amazon bars customers from seeking class - action lawsuits,https://www.sentinelandenterprise.com/2026/08/18/amazon-bars-customers-from-seeking-class-action-lawsuits/,,English,Amazon,AMZN,negative,0.9
20260818T233000Z,Film Director Adam McKay on the  gargantuan lie  that may leave half of the human race dead by 2050,https://www.dailykos.com/stories/2026/8/18/800082457/community/a/,,English,Amazon,AMZN,unknown,0.9
20260818T233000Z,  Faux Pause : Why Greg Abbott data center  crackdown  looks a lot like election - year theater,https://www.sacurrent.com/news/texas-news/faux-pause-why-greg-abbotts-data-center-crackdown-looks-a-lot-like-election-year-theater/,,English,Amazon,AMZN,unknown,0.9
20260818T233000Z,Amazon bars customers from seeking class - action lawsuits,https://www.akronnewsreporter.com/2026/08/18/amazon-bars-customers-from-seeking-class-action-lawsuits/,,English,Amazon,AMZN,negative,0.9
20260818T224500Z,Governor races are being increasingly buffeted by the toxic politics of data centers,https://www.dailygazette.com/hv360/ap/business/governors-races-are-being-increasingly-buffeted-by-the-toxic-politics-of-data-centers/article_8743b137-2e07-5f7c-a4a6-b9b6a8567add.html,,English,Amazon,AMZN,unknown,0.9
20260818T224500Z,The Rippling of Rivers :  Open the Floodgate Gives Voice to a Waterway,https://pacificsun.com/the-rippling-of-rivers-open-the-floodgates-gives-voice-to-a-waterway/,,English,Amazon,AMZN,unknown,0.9
20260818T224500Z,Amazon bars customers from seeking class - action lawsuits,https://www.coloradohometownweekly.com/2026/08/18/amazon-bars-customers-from-seeking-class-action-lawsuits/,,English,Amazon,AMZN,negative,0.9
20260818T224500Z,Governor races increasingly being buffeted by data center politics,https://www.presstelegram.com/2026/08/18/governors-races-data-centers/,,English,Amazon,AMZN,unknown,0.9
20260818T224500Z,"Tapirs , bats and nests : How plastic infiltrates Amazonian wildlife",https://news.mongabay.com/2026/08/tapirs-bats-and-nests-how-plastic-infiltrates-amazonian-wildlife/,,English,Amazon,AMZN,unknown,0.9
20260818T224500Z,Amazon bars customers from seeking class - action lawsuits,https://www.canoncitydailyrecord.com/2026/08/18/amazon-bars-customers-from-seeking-class-action-lawsuits/,,English,Amazon,AMZN,negative,0.9
20260818T223000Z,"Social Media Platforms Are Training Their AI Models on Your Content , but You Can Stop Them ( Sometimes ) ",https://lifehacker.com/tech/social-media-platforms-are-training-their-ai-models-on-your-content,,English,Amazon,AMZN,unknown,0.9
20260818T221500Z,"Nasdaq falls over 1 % as tech stocks take a beating from soaring yields , rising oil",https://www.hellenicshippingnews.com/nasdaq-falls-over-1-as-tech-stocks-take-a-beating-from-soaring-yields-rising-oil/,,English,Amazon,AMZN,unknown,0.9
20260818T220000Z,Governor races increasingly being buffeted by data center politics,https://www.redlandsdailyfacts.com/2026/08/18/governors-races-data-centers/,,English,Amazon,AMZN,unknown,0.9
20260818T220000Z,Governor races are being increasingly buffeted by the toxic politics of data centers,https://www.news4jax.com/news/politics/2026/08/18/governors-races-are-being-increasingly-buffeted-by-the-toxic-politics-of-data-centers/,,English,Amazon,AMZN,unknown,0.9
20260818T220000Z,Governors target data centers as midterm elections approach,https://www.wokv.com/news/national/governors-races-are/RAKQMHLSQAZQZG4PG5NL244TDQ/,,English,Amazon,AMZN,unknown,0.9
20260818T214500Z,Fairphone most repairable phone yet is now available in the US at $650,https://thenextweb.com/news/fairphone-gen-6-plus-us-launch-repairable-650,,English,Amazon,AMZN,unknown,0.9
20260818T214500Z,5 Useful Anker Travel Gadgets For Road Trips And Flights,https://www.bgr.com/2236095/anker-travle-gadgets-perfect-road-trips-flights/,,English,Amazon,AMZN,unknown,0.9
20260818T214500Z,National Park Week 2026 : Find great gear that gives back and benefits America parks,https://abc11.com/post/national-park-week-2026-find-great-gear-gives-back-benefits-americas-parks/19684655/,,English,Amazon,AMZN,unknown,0.9
20260818T214500Z,"  Green News Report  - August 18 , 2026 - The BRAD BLOG",https://bradblog.com/?p=18571,,English,Amazon,AMZN,unknown,0.9
20260818T210000Z,Standing up for the ocean Oregon Coast TODAY,https://www.oregoncoasttoday.com/home/standing-up-for-the-ocean,,English,Amazon,AMZN,unknown,0.9
20260818T210000Z,We tested some of the best on - bike communication devices ... but a much cheaper solution beat all the expensive tech,https://road.cc/feature/we-tested-best-on-bike-communication-devices-this-cheap-solution-beat-the-expensive-tech,,English,Amazon,AMZN,unknown,0.9
20260818T204500Z,Elon Musk Says SpaceX Will Hit $1 Trillion in Revenue by 2030 -- 1 Year Faster Than the Original Timeline . Here the Math Behind the New Number . ,https://www.fool.com/investing/2026/08/18/elon-musk-says-spacex-will-hit-1-trillion-in-reven/?source=iedfolrf0000001,,English,Amazon,AMZN,unknown,0.9
20260818T204500Z,"Amazon Destroys Rare Books for AI Training Despite Prior Denial , AirTag Confirms",https://www.techtimes.com/articles/324871/20260818/amazon-destroys-rare-books-ai-training-despite-prior-denial-airtag-confirms.htm,,English,Amazon,AMZN,unknown,0.9
20260818T200000Z,Police Reports,https://www.polkio.com/news/police-reports/article_832d0cc9-fc1c-42d9-80b5-360750ab8398.html,,English,Amazon,AMZN,unknown,0.5
20260818T194500Z,Amazon announces third data center in northwest Louisiana | News from The Shreveport - Bossier City Advocate,https://www.nola.com/shreveport_bossier/amazon-web-services-third-data-center-in-northwest-louisiana-shreveport/article_508db57f-b54c-56d7-a1cf-72c66f242f7f.html,,English,Amazon,AMZN,unknown,0.9
20260818T191500Z,Chris Conley Show Links | WSAU News / Talk 550 AM · 99 . 9 FM,https://wsau.com/2026/08/18/chris-conleys-substack/,,English,Amazon,AMZN,unknown,0.9
20260818T191500Z,Critical - Minerals Supply Chains Need More Than Mines . Greenland Mines Is Pursuing a North Atlantic Corridor Strategy,https://montrealgazette.com/press-releases/globe-newswire/critical-minerals-supply-chains-need-more-than-mines-greenland-mines-is-pursuing-a-north-atlantic-corridor-strategy/,,English,Amazon,AMZN,unknown,0.9
20260818T191500Z,National Park Week 2026 : Find great gear that gives back and benefits America parks,https://abc7chicago.com/post/national-park-week-2026-find-great-gear-gives-back-benefits-americas-parks/19684655/,,English,Amazon,AMZN,unknown,0.9
20260818T191500Z,National Park Week 2026 : Find great gear that gives back and benefits America parks,https://abc30.com/post/national-park-week-2026-find-great-gear-gives-back-benefits-americas-parks/19684655/,,English,Amazon,AMZN,unknown,0.9
20260818T190000Z,National Park Week 2026 : Find great gear that gives back and benefits America parks,https://abc7ny.com/post/national-park-week-2026-find-great-gear-gives-back-benefits-americas-parks/19684655/,,English,Amazon,AMZN,unknown,0.9
20260818T190000Z,This St . John science superstar is competing in a water science competition in Stockholm,https://www.cbc.ca/news/canada/newfoundland-labrador/this-st-johns-science-superstar-is-competing-in-a-water-science-competition-in-stockholm-9.7310962,,English,Amazon,AMZN,unknown,0.9
20260818T184500Z,National Park Week 2026 : Find great gear that gives back and benefits America parks,https://abc13.com/post/national-park-week-2026-find-great-gear-gives-back-benefits-americas-parks/19684655/,,English,Amazon,AMZN,unknown,0.9
20260818T181500Z,Between the jungle and the oil : The Amazon municipality to which Colombia owes an energy transition,https://english.elpais.com/international/2026-08-18/between-the-jungle-and-the-oil-the-amazon-municipality-to-which-colombia-owes-an-energy-transition.html,,English,Amazon,AMZN,unknown,0.9
20260818T180000Z,Retail News and Trends | Retail Dive,https://www.retaildive.com/?page=2&_sp=2ec0d587-6a0b-4263-876b-4126689b3cf8,,English,Amazon,AMZN,unknown,0.9
20260818T180000Z,"Amazon Best Back - to - School Deals Are Here : Save Over 50 % on Headphones , Smartwatches , Tablets , and More",https://www.pcmag.com/news/best-amazon-back-to-school-deals-2026-august-18,,English,Amazon,AMZN,unknown,0.9
20260818T174500Z,A death in Key Biscayne and a national debate : Should parents be held responsible for E - bike accidents ? ,https://www.wlrn.org/law-justice/2026-08-18/a-death-in-key-biscayne-and-a-national-debate-should-parents-be-held-responsible-for-e-bike-accidents,,English,Amazon,AMZN,unknown,0.9
20260818T174500Z,National Park Week 2026 : Find great gear that gives back and benefits America parks,https://abc7.com/post/national-park-week-2026-find-great-gear-gives-back-benefits-americas-parks/19684655/,,English,Amazon,AMZN,unknown,0.9
20260818T174500Z,National Park Week 2026 : Find great gear that gives back and benefits America parks,https://6abc.com/post/national-park-week-2026-find-great-gear-gives-back-benefits-americas-parks/19684655/,,English,Amazon,AMZN,unknown,0.9
20260818T171500Z,Temu vs Shein Lawsuit : The Implications for Online Sellers,https://startups.co.uk/news/temu-vs-shein-lawsuit-implications-for-online-sellers/,,English,Amazon,AMZN,negative,0.9
20260818T170000Z,Brazil President Lula hails oil discovery near Amazon river,https://www.bbc.co.uk/news/articles/c4gd7xd8e8lo,,English,Amazon,AMZN,unknown,0.9
20260818T170000Z,The world most repairable phone is finally coming to the US,https://www.howtogeek.com/fairphone-gen-6-plus-us-release-date-price/,,English,Amazon,AMZN,unknown,0.9
20260818T164500Z,AI Wiped Out Two Decades of Falling RAM Prices : Full DDR5 Table for Builders,https://www.techtimes.com/articles/324825/20260818/ai-wiped-out-two-decades-falling-ram-prices-full-ddr5-table-builders.htm,,English,Amazon,AMZN,unknown,0.9
20260818T164500Z,Uber Eats Drone Deal Targets One Million Daily Deliveries : Zipline Must Scale 230 - Fold,https://www.techtimes.com/articles/324817/20260818/uber-eats-drone-deal-targets-one-million-daily-deliveries-zipline-must-scale-230-fold.htm,,English,Amazon,AMZN,unknown,0.9
20260818T161500Z,"Fairphone ( Gen . 6+ ) with modular design , 5 - year warranty announced",https://www.fonearena.com/blog/489820/fairphone-gen-6-plus-price-features.html,,English,Amazon,AMZN,unknown,0.9
20260818T161500Z,LEGO has launched a light - up pumpkin for Halloween - get it for £9 instead of £25,https://www.manchestereveningnews.co.uk/whats-on/family-kids-news/lego-launched-light-up-pumpkin-34469575,,English,Amazon,AMZN,unknown,0.9
20260818T154500Z,"ROSESELSA CERAMICS ULTRA Wins Red Dot Award 2026 , Bringing Hi - Fi Audio to the $50 TWS Category",https://www.manilatimes.net/2026/08/18/tmt-newswire/pr-newswire/roseselsa-ceramics-ultra-wins-red-dot-award-2026-bringing-hi-fi-audio-to-the-50-tws-category/2407829,,English,Amazon,AMZN,unknown,0.9
20260818T154500Z,More than 200 AI - generated  local new sites just went dark,https://www.poynter.org/commentary/2026/prism-news-local-news-ai-fake-shuts-down/,,English,Amazon,AMZN,unknown,0.9
20260818T151500Z,The best packing cubes in the united kingdom to save space and travel smarter – tested on real trips,https://www.theguardian.com/thefilter/2026/aug/18/best-packing-cubes-tested-uk,,English,Amazon,AMZN,unknown,0.9
20260818T151500Z,Fairphone Is Finally Releasing Its First Official Handset In The US,https://www.engadget.com/2238465/fairphone-is-finally-releasing-its-first-official-handset-in-the-us/,,English,Amazon,AMZN,unknown,0.9
20260818T144500Z,The new modular Fairphone 6 Plus has way more RAM than expected,https://www.trustedreviews.com/news/the-new-modular-fairphone-6-plus-has-way-more-ram-than-expected,,English,Amazon,AMZN,unknown,0.9
20260818T143000Z,"Even as market clouds clear , AI investment anxiety still gnaws",https://www.theglobeandmail.com/investing/article-even-as-market-clouds-clear-ai-investment-anxiety-still-gnaws/,,English,Amazon,AMZN,unknown,0.9
20260818T141500Z,"GNR for Tuesday , August 18th Pushback works ! ",https://www.dailykos.com/stories/2026/8/18/800084495/community/gnr-for-tuesday-august-18th/,,English,Amazon,AMZN,unknown,0.9
20260818T124500Z,Stephen Hawking - Predicts Earth To Glow Red Hot By 2600 Due To Population Growth - Could It ? ,http://science20.com/robert_walker/stephen_hawking_predicts_earth_to_glow_red_hot_by_2600_due_to_population_growth_could_it-228187,,English,Amazon,AMZN,unknown,0.9
20260818T123000Z,Amazon work from home scam texts promise $600 daily pay to victims,https://www.foxnews.com/tech/amazon-job-scam-texts-spreading-new-twist,,English,Amazon,AMZN,unknown,0.9
20260818T120000Z,"The Fairphone ( Gen 6+ ) costs $650 , but its repairability makes it better value than a flagship",https://www.androidpolice.com/fairphone-gen-6-plus-hands-on/,,English,Amazon,AMZN,unknown,0.9
20260818T111500Z,Artificial Intelligence – part 2 – Socialist Project,https://socialistproject.ca/2026/08/artificial-intelligence-part-2/,,English,Amazon,AMZN,unknown,0.9
20260818T101500Z,Rocket Lab craft varied missions | Advanced Television,https://www.advanced-television.com/2026/08/18/rocket-lab-craft-varied-missions/,,English,Amazon,AMZN,unknown,0.9
20260818T083000Z,One Month To Go : London Packaging Week 2026 Set to Reveal the Future of Packaging,https://whattheythink.com/news/131339-one-month-go-london-packaging-week-2026-set-reveal-future-packaging/,,English,Amazon,AMZN,unknown,0.9
20260818T054500Z,"OneCity vows to reboot Vancouver Economic Commission , three years after closure | Daily Hive",https://dailyhive.com/vancouver/onecity-vancouver-business-investment-office-economy-action-plan,,English,Amazon,AMZN,unknown,0.9
20260818T043000Z,"WSJ Catches Up , Discovers AI Off - Balance Sheet Liabilities Are $3 Trillion And Growing $1 . 2 Trillion Per Quarter",https://www.zerohedge.com/markets/wsj-catches-discovers-ais-balance-sheet-liabilities-are-3-trillion-and-growing-12-trillion,,English,Amazon,AMZN,unknown,0.9
20260818T041500Z,Lula calls oil near the Amazon River a passport to Brazil future after Petrobras strikes new find,https://isp.netscape.com:443/news/world/story/0001/20260817/9ad1dd2eb5a7932c2738c904fcaa73cc,,English,Amazon,AMZN,unknown,0.9
20260818T031500Z,Swimming with Galápagos penguins made my wildlife dreams come true,https://www.parisstaronline.com:443/travel/swimming-with-penguins-galapagos-islands,,English,Amazon,AMZN,unknown,0.9
20260818T031500Z,Wispr raised $280mn at $2bn to argue the text box is finished,https://thenextweb.com/news/wispr-series-b-280m-2bn-valuation-menlo-canto,,English,Amazon,AMZN,unknown,0.9
20260818T024500Z,Swimming with Galápagos penguins made my wildlife dreams come true,https://o.canada.com:443/travel/swimming-with-penguins-galapagos-islands,,English,Amazon,AMZN,unknown,0.9
20260818T021500Z,Warner Bros EVP Communications Katie Martin Kelley jumps to Netflix,"http://www.editorandpublisher.com/stories/warner-bros-evp-communications-katie-martin-kelley-jumps-to-netflix,263083",,English,Amazon,AMZN,unknown,0.9
20260818T021500Z,5 Useful Accessories GoPro Owners Swear By,https://www.bgr.com/2235234/useful-gopro-accessories-owners-swear-by/,,English,Amazon,AMZN,unknown,0.9
20260818T021500Z,Brazil Lula backs oil drilling near Amazon after Petrobras discovery,https://www.wgauradio.com/news/world/lula-calls-oil-near/4GBAR6HUH42YRINSLHFME3WVSI/,,English,Amazon,AMZN,unknown,0.9
20260818T020000Z,"Solar power disappears every night , but a data centre cannot . That engineering mismatch is turning Google , Amazon and other technology giants into some of the world most important buyers of battery storage , financing gigawatt - scale systems to k...",https://spacedaily.com/t-ai-data-centres-solar-night-battery-storage/,,English,Amazon,AMZN,positive,0.9
20260818T011500Z,Swimming with Galápagos penguins made my wildlife dreams come true,https://www.gananoquereporter.com:443/travel/swimming-with-penguins-galapagos-islands,,English,Amazon,AMZN,unknown,0.9
20260818T011500Z,"Why the Address hotel is the ultimate stay in Cork , Ireland | The North West Star",https://www.northweststar.com.au/story/9327535/why-the-address-hotel-is-the-ultimate-stay-in-cork-ireland/,,English,Amazon,AMZN,unknown,0.9
20260818T011500Z,Planned US Data Centers Set to Produce 24M Car Worth Of Carbon Dioxide,https://www.cnet.com/tech/tech-industry/planned-us-data-centers-set-to-produce-24m-cars-worth-of-co2/,,English,Amazon,AMZN,unknown,0.9
20260818T010000Z,Swimming with Galápagos penguins made my wildlife dreams come true,https://www.intelligencer.ca:443/travel/swimming-with-penguins-galapagos-islands,,English,Amazon,AMZN,unknown,0.9
20260818T004500Z,"Why the Address hotel is the ultimate stay in Cork , Ireland | Great Lakes Advocate",https://www.greatlakesadvocate.com.au/story/9327535/why-the-address-hotel-is-the-ultimate-stay-in-cork-ireland/,,English,Amazon,AMZN,unknown,0.9
20260818T004500Z,Plug Power ( PLUG ) Q2 2026 Earnings Call Transcript,https://www.fool.com/earnings/call-transcripts/2026/08/17/plug-power-plug-q2-2026-earnings-call-transcript/?source=iedfolrf0000001,,English,Amazon,AMZN,unknown,0.9
20260818T004500Z,"North Face is taking up to 50 % off jackets , backpacks and more right now here what Id shop for back to school",https://www.tomsguide.com/wellness/fitness/north-face-is-taking-up-to-50-percent-off-jackets-backpacks-and-more-right-now-heres-what-id-shop-for-back-to-school,,English,Amazon,AMZN,unknown,0.9
20260818T003000Z,Swimming with Galápagos penguins made my wildlife dreams come true,https://www.thewhig.com/travel/swimming-with-penguins-galapagos-islands,,English,Amazon,AMZN,unknown,0.9
20260818T003000Z,UC Santa Cruz researchers to study Southern California wetlands,https://www.santacruzsentinel.com/2026/08/17/uc-santa-cruz-researchers-to-study-southern-california-wetlands/,,English,Amazon,AMZN,unknown,0.9
20260818T003000Z,"Why the Address hotel is the ultimate stay in Cork , Ireland | Goulburn Post",https://www.goulburnpost.com.au/story/9327535/why-the-address-hotel-is-the-ultimate-stay-in-cork-ireland/,,English,Amazon,AMZN,unknown,0.9
20260818T003000Z,CA Rideshare Drivers Are Set for Union Certification . Can They Win a Contract ? ,https://truthout.org/articles/ca-rideshare-drivers-are-set-for-union-certification-can-they-win-a-contract/,,English,Amazon,AMZN,unknown,0.9
20260818T003000Z,Physician - Scientist Dr . Comings Readies Audiobook Edition of Climate Book as Wildfires and Floods Intensify Worldwide,https://www.daily-tribune.com/online_features/press_releases/physician-scientist-dr-comings-readies-audiobook-edition-of-climate-book-as-wildfires-and-floods-intensify/article_98f26bd8-d4d0-5591-bb24-46e23a7d44d1.html,,English,Amazon,AMZN,unknown,0.9
20260818T003000Z,St . George man speaks 1 - on - 1 about dismissed case alleging online solicitation of minor,https://www.stgeorgeutah.com/news/st-george-man-speaks-1-on-1-about-dismissed-case-alleging-online-solicitation-of-minor/article_717cb5d2-01c5-4d2c-98e6-2a57fd211b84.html,,English,Amazon,AMZN,unknown,0.9
20260818T003000Z,"Why the Address hotel is the ultimate stay in Cork , Ireland | The Area News",https://www.areanews.com.au/story/9327535/why-the-address-hotel-is-the-ultimate-stay-in-cork-ireland/,,English,Amazon,AMZN,unknown,0.9
20260818T001500Z,"Why the Address hotel is the ultimate stay in Cork , Ireland | Narooma News",https://www.naroomanewsonline.com.au/story/9327535/why-the-address-hotel-is-the-ultimate-stay-in-cork-ireland/,,English,Amazon,AMZN,unknown,0.9
20260818T001500Z,"Why the Address hotel is the ultimate stay in Cork , Ireland | Bega District News",https://www.begadistrictnews.com.au/story/9327535/why-the-address-hotel-is-the-ultimate-stay-in-cork-ireland/,,English,Amazon,AMZN,unknown,0.9
20260818T001500Z,"Why the Address hotel is the ultimate stay in Cork , Ireland | Southern Cross",https://www.juneesoutherncross.com.au/story/9327535/why-the-address-hotel-is-the-ultimate-stay-in-cork-ireland/,,English,Amazon,AMZN,unknown,0.9
20260818T000000Z,"Why the Address hotel is the ultimate stay in Cork , Ireland | Milton Ulladulla Times",https://www.ulladullatimes.com.au/story/9327535/why-the-address-hotel-is-the-ultimate-stay-in-cork-ireland/,,English,Amazon,AMZN,unknown,0.9
20260818T000000Z,"Why the Address hotel is the ultimate stay in Cork , Ireland | Port Stephens Examiner",https://www.portstephensexaminer.com.au/story/9327535/why-the-address-hotel-is-the-ultimate-stay-in-cork-ireland/,,English,Amazon,AMZN,unknown,0.9
20260818T000000Z,Swimming with Galápagos penguins made my wildlife dreams come true,https://www.napaneeguide.com:443/travel/swimming-with-penguins-galapagos-islands,,English,Amazon,AMZN,unknown,0.9
20260818T000000Z,Lula calls oil near the Amazon River a passport to Brazil future after Petrobras strikes new find,https://www.yahoo.com/news/world/articles/lula-calls-oil-near-amazon-232055080.html,,English,Amazon,AMZN,unknown,0.9
20260817T231500Z,Swimming with Galápagos penguins made my wildlife dreams come true,https://www.pembrokeobserver.com/travel/swimming-with-penguins-galapagos-islands,,English,Amazon,AMZN,unknown,0.9
20260817T231500Z,Swimming with Galápagos penguins made my wildlife dreams come true | Brockville Recorder & Times,https://www.recorder.ca:443/travel/swimming-with-penguins-galapagos-islands,,English,Amazon,AMZN,unknown,0.9
20260817T224500Z,"Why the Address hotel is the ultimate stay in Cork , Ireland | The Northern Daily Leader",https://www.northerndailyleader.com.au/story/9327535/why-the-address-hotel-is-the-ultimate-stay-in-cork-ireland/,,English,Amazon,AMZN,unknown,0.9
20260817T224500Z,"Why the Address hotel is the ultimate stay in Cork , Ireland | Yass Tribune",https://www.yasstribune.com.au/story/9327535/why-the-address-hotel-is-the-ultimate-stay-in-cork-ireland/,,English,Amazon,AMZN,unknown,0.9
20260817T221500Z,"Why the Address hotel is the ultimate stay in Cork , Ireland | The Rural",https://www.therural.com.au/story/9327535/why-the-address-hotel-is-the-ultimate-stay-in-cork-ireland/,,English,Amazon,AMZN,unknown,0.9
20260817T220000Z,"Why the Address hotel is the ultimate stay in Cork , Ireland | St George & Sutherland Shire Leader",https://www.theleader.com.au/story/9327535/why-the-address-hotel-is-the-ultimate-stay-in-cork-ireland/,,English,Amazon,AMZN,unknown,0.9
20260817T220000Z,"Why the Address hotel is the ultimate stay in Cork , Ireland | Oberon Review",https://www.oberonreview.com.au/story/9327535/why-the-address-hotel-is-the-ultimate-stay-in-cork-ireland/,,English,Amazon,AMZN,unknown,0.9
20260817T220000Z,"Why the Address hotel is the ultimate stay in Cork , Ireland | The Irrigator",https://www.irrigator.com.au/story/9327535/why-the-address-hotel-is-the-ultimate-stay-in-cork-ireland/,,English,Amazon,AMZN,unknown,0.9
20260817T220000Z,When bots write books,https://theweek.com/culture-life/books/when-bots-write-books-ai-publishing-industry,,English,Amazon,AMZN,unknown,0.9
20260817T220000Z,"First Alert Weather Day : Extreme , dangerous heat today",https://www.wbrc.com/2026/08/17/first-alert-weather-day-extreme-dangerous-heat-today/,,English,Amazon,AMZN,unknown,0.9
20260817T220000Z,Are AI Companies Really Buying And Destroying – Antique Books ? ,https://www.forbes.com/sites/maryroeloffs/2026/08/17/ai-companies-are-buying-and-destroying-antique-books-heres-why/,,English,Amazon,AMZN,unknown,0.9
20260817T214500Z,"Why the Address hotel is the ultimate stay in Cork , Ireland | The Advertiser - Cessnock",https://www.cessnockadvertiser.com.au/story/9327535/why-the-address-hotel-is-the-ultimate-stay-in-cork-ireland/,,English,Amazon,AMZN,unknown,0.9
20260817T214500Z,"Why the Address hotel is the ultimate stay in Cork , Ireland | Muswellbrook Chronicle",https://www.muswellbrookchronicle.com.au/story/9327535/why-the-address-hotel-is-the-ultimate-stay-in-cork-ireland/,,English,Amazon,AMZN,unknown,0.9
20260817T214500Z,"Why the Address hotel is the ultimate stay in Cork , Ireland | The Armidale Express",https://www.armidaleexpress.com.au/story/9327535/why-the-address-hotel-is-the-ultimate-stay-in-cork-ireland/,,English,Amazon,AMZN,unknown,0.9
20260817T214500Z,"Why the Address hotel is the ultimate stay in Cork , Ireland | The Daily Advertiser",https://www.dailyadvertiser.com.au/story/9327535/why-the-address-hotel-is-the-ultimate-stay-in-cork-ireland/,,English,Amazon,AMZN,unknown,0.9
20260817T214500Z,"Why the Address hotel is the ultimate stay in Cork , Ireland | Katherine Times",https://www.katherinetimes.com.au/story/9327535/why-the-address-hotel-is-the-ultimate-stay-in-cork-ireland/,,English,Amazon,AMZN,unknown,0.9
20260817T214500Z,"Why the Address hotel is the ultimate stay in Cork , Ireland | Harden Murrumburrah Express",https://www.hardenexpress.com.au/story/9327535/why-the-address-hotel-is-the-ultimate-stay-in-cork-ireland/,,English,Amazon,AMZN,unknown,0.9
20260817T214500Z,"Why the Address hotel is the ultimate stay in Cork , Ireland | The Maitland Mercury",https://www.maitlandmercury.com.au/story/9327535/why-the-address-hotel-is-the-ultimate-stay-in-cork-ireland/,,English,Amazon,AMZN,unknown,0.9
20260817T214500Z,"Why the Address hotel is the ultimate stay in Cork , Ireland | Eastern Riverina Chronicle",https://www.easternriverinachronicle.com.au/story/9327535/why-the-address-hotel-is-the-ultimate-stay-in-cork-ireland/,,English,Amazon,AMZN,unknown,0.9
20260817T214500Z,Epic responds to Apple bid for settlement talks in App Store case,https://9to5mac.com/2026/08/17/epic-responds-to-apples-bid-for-settlement-talks-in-app-store-case/,,English,Amazon,AMZN,unknown,0.9
20260817T214500Z,"Why the Address hotel is the ultimate stay in Cork , Ireland | Nyngan Observer",https://www.nynganobserver.com.au/story/9327535/why-the-address-hotel-is-the-ultimate-stay-in-cork-ireland/,,English,Amazon,AMZN,unknown,0.9
20260817T213000Z,"Why the Address hotel is the ultimate stay in Cork , Ireland | Daily Liberal",https://www.dailyliberal.com.au/story/9327535/why-the-address-hotel-is-the-ultimate-stay-in-cork-ireland/,,English,Amazon,AMZN,unknown,0.9
20260817T213000Z,"Why the Address hotel is the ultimate stay in Cork , Ireland | Crookwell Gazette",https://www.crookwellgazette.com.au/story/9327535/why-the-address-hotel-is-the-ultimate-stay-in-cork-ireland/,,English,Amazon,AMZN,unknown,0.9
20260817T213000Z,"Why the Address hotel is the ultimate stay in Cork , Ireland | Bendigo Advertiser",https://www.bendigoadvertiser.com.au/story/9327535/why-the-address-hotel-is-the-ultimate-stay-in-cork-ireland/,,English,Amazon,AMZN,unknown,0.9
20260817T211500Z,"Why the Address hotel is the ultimate stay in Cork , Ireland | The Border Mail",https://www.bordermail.com.au/story/9327535/why-the-address-hotel-is-the-ultimate-stay-in-cork-ireland/,,English,Amazon,AMZN,unknown,0.9
20260817T211500Z,8 Useful Consumer Reports Approved Gadgets Under $100,https://www.bgr.com/2236180/useful-consumer-reports-approved-gadgets-under-100/,,English,Amazon,AMZN,unknown,0.9
20260817T211500Z,More plaintiffs emerge in Grok child sexual abuse material suit,https://mashable.com/tech/grok-child-abuse-lawsuit-expands-new,,English,Amazon,AMZN,unknown,0.9
20260817T211500Z,"Why the Address hotel is the ultimate stay in Cork , Ireland | Magnet",https://www.edenmagnet.com.au/story/9327535/why-the-address-hotel-is-the-ultimate-stay-in-cork-ireland/,,English,Amazon,AMZN,unknown,0.9
20260817T211500Z,"Why the Address hotel is the ultimate stay in Cork , Ireland | Mudgee Guardian",https://www.mudgeeguardian.com.au/story/9327535/why-the-address-hotel-is-the-ultimate-stay-in-cork-ireland/,,English,Amazon,AMZN,unknown,0.9
20260817T211500Z,"Why the Address hotel is the ultimate stay in Cork , Ireland | Cootamundra Herald",https://www.cootamundraherald.com.au/story/9327535/why-the-address-hotel-is-the-ultimate-stay-in-cork-ireland/,,English,Amazon,AMZN,unknown,0.9
20260817T211500Z,"Why the Address hotel is the ultimate stay in Cork , Ireland | Bay Post - Moruya Examiner",https://www.batemansbaypost.com.au/story/9327535/why-the-address-hotel-is-the-ultimate-stay-in-cork-ireland/,,English,Amazon,AMZN,unknown,0.9
20260817T210000Z,"Why the Address hotel is the ultimate stay in Cork , Ireland | The Advocate - Hepburn",https://www.hepburnadvocate.com.au/story/9327535/why-the-address-hotel-is-the-ultimate-stay-in-cork-ireland/,,English,Amazon,AMZN,unknown,0.9
20260817T210000Z,"Why the Address hotel is the ultimate stay in Cork , Ireland | Redland City Bulletin",https://www.redlandcitybulletin.com.au/story/9327535/why-the-address-hotel-is-the-ultimate-stay-in-cork-ireland/,,English,Amazon,AMZN,unknown,0.9
20260817T210000Z,"Why the Address hotel is the ultimate stay in Cork , Ireland | Port Macquarie News",https://www.portnews.com.au/story/9327535/why-the-address-hotel-is-the-ultimate-stay-in-cork-ireland/,,English,Amazon,AMZN,unknown,0.9
20260817T210000Z,"Clatsop County news briefs for Aug . 18 , 2026",https://dailyastorian.com/2026/08/17/clatsop-county-news-briefs-for-aug-18-2026/,,English,Amazon,AMZN,unknown,0.9
20260817T210000Z,"Why the Address hotel is the ultimate stay in Cork , Ireland | Western Advocate",https://www.westernadvocate.com.au/story/9327535/why-the-address-hotel-is-the-ultimate-stay-in-cork-ireland/,,English,Amazon,AMZN,unknown,0.9
20260817T203000Z,"Why the Address hotel is the ultimate stay in Cork , Ireland | Namoi Valley Independent",https://www.nvi.com.au/story/9327535/why-the-address-hotel-is-the-ultimate-stay-in-cork-ireland/,,English,Amazon,AMZN,unknown,0.9
20260817T203000Z,"Why the Address hotel is the ultimate stay in Cork , Ireland | Narromine News",https://www.narrominenewsonline.com.au/story/9327535/why-the-address-hotel-is-the-ultimate-stay-in-cork-ireland/,,English,Amazon,AMZN,unknown,0.9
20260817T201500Z,Amazon bars customers from seeking class - action lawsuits,https://www.butlereagle.com/20260817/amazon-bars-customers-from-seeking-class-action-lawsuits/,,English,Amazon,AMZN,negative,0.9
20260817T200000Z,DJI Mini 3 deal : $100 off at Amazon,https://mashable.com/tech/aug-17-dji-mini-3-deal,,English,Amazon,AMZN,unknown,0.9
20260817T194500Z,The Popular Budget - Friendly Flashforge Adventurer 5M 3D Printer Drops to a Mere $132 Shipped,https://www.ign.com/articles/flashforge-adventurer-5m-3d-printer-deal-august-2026,,English,Amazon,AMZN,unknown,0.9
20260817T194500Z,PR Veteran Katie Martin Kelley Leaves Warner Bros . for Netflix,https://www.thewrap.com/media-platforms/film-studios/katie-martin-kelley-leaves-warner-bros-netflix-vp-communications/,,English,Amazon,AMZN,unknown,0.9
20260817T194500Z,Vistra Is Under $150 . Here Why I Think It Wont Stay That Way . ,https://www.fool.com/investing/2026/08/17/vistra-is-under-150-heres-why-i-think-it-wont-stay/?source=iedfolrf0000001,,English,Amazon,AMZN,unknown,0.9
20260817T183000Z,Passing the Baton of Faith to the Next Generation with Dr . Bob Pearle,https://afr.net:443/podcasts/real-truth-for-today-with-jeff-schreve/2026/august/passing-the-baton-of-faith-to-the-next-generation-with-dr-bob-pearle/,,English,Amazon,AMZN,unknown,0.9
20260817T183000Z,"Amazon Best Back - to - School Deals Are Here : Save Over 50 % on Headphones , Smartwatches , Tablets , and More",https://www.pcmag.com/news/best-amazon-back-to-school-deals-2026-august-17,,English,Amazon,AMZN,unknown,0.9
20260817T181500Z,Vistra Is Under $150 . Here Why I Think It Wont Stay That Way . ,https://finance.yahoo.com/markets/stocks/articles/vistra-under-150-heres-why-173500107.html,,English,Amazon,AMZN,unknown,0.9
20260817T181500Z,"Lenskart rolls out AI self - eye testing , raising privacy concerns",https://www.medianama.com/2026/08/223-lenskart-ai-eye-testing-privacy-concerns/,,English,Amazon,AMZN,unknown,0.9
20260817T181500Z,Dolby Vision 2 is here and it glorious on the Hisense UR9S,https://www.expertreviews.co.uk/technology/tvs-home-cinema/hisense-ur9s-review,,English,Amazon,AMZN,unknown,0.9
20260817T181500Z,Questions raised about IRBs for data centers,https://www.bondbuyer.com/news/questions-raised-about-irbs-for-data-centers,,English,Amazon,AMZN,unknown,0.9
20260817T140000Z,Netflix - Linked Contributions Dog Dem AGs Trying to Block Paramount - Warner Deal,https://redstate.com/ben-smith/2026/08/17/netflix-linked-contributions-dog-dem-ags-trying-to-block-paramount-warner-deal-n2205685,,English,Amazon,AMZN,unknown,0.9
20260817T133000Z,"Be a hater all you want , AI here to stay",https://www.theregister.com/columnists/2026/08/17/be-a-hater-all-you-want-ais-here-to-stay/5288275,,English,Amazon,AMZN,unknown,0.9
20260817T104500Z,  ICE Out  pledge divides Chicago aldermen,https://www.chicagotribune.com/2026/08/17/ice-out-chicago/,,English,Amazon,AMZN,unknown,0.9
20260817T094500Z,Communities negotiate data center deals for tax revenue and local jobs,https://www.foxnews.com/opinion/new-york-texas-states-respect-local-control-data-centers,,English,Amazon,AMZN,unknown,0.9
20260817T084500Z,2 Best Nuclear Power Stocks Right Now | The Motley Fool,https://www.fool.com/investing/2026/08/16/2-best-nuclear-power-stocks-right-now/,,English,Amazon,AMZN,unknown,0.9
20260817T061500Z,These are the 9 Garmin watch deals Id shop on Amazon right now starting at $129,https://www.tomsguide.com/wellness/smartwatches/these-are-the-9-garmin-watch-deals-id-shop-on-amazon-right-now-starting-at-usd129,,English,Amazon,AMZN,unknown,0.9
20260817T060000Z,Fast - Tracked But Not Frictionless : The Expanding Litigation Front Against The Data Center Boom,https://www.mondaq.com:443/unitedstates/environmental-law/1831526/fast-tracked-but-not-frictionless-the-expanding-litigation-front-against-the-data-center-boom,,English,Amazon,AMZN,unknown,0.9
20260817T050000Z,Are Microsoft AI plans being held back by a shortage of chips ? | Microsoft,https://www.theguardian.com/technology/2026/aug/17/are-microsofts-ai-plans-being-held-back-by-a-shortage-of-chips,,English,Amazon,AMZN,unknown,0.9
20260817T044500Z,Are Microsoft AI plans being held back by a shortage of chips ? ,https://www.aol.co.uk/articles/microsoft-ai-plans-being-held-040046000.html,,English,Amazon,AMZN,unknown,0.9
20260817T044500Z,South Korea KOSPI Surges to Three - Week High as Chip Stocks Rally and Wall Street Hits Fresh Record,https://www.ibtimes.com.au/kospi-surges-three-week-high-semiconductor-rally-1874143,,English,Amazon,AMZN,unknown,0.9
20260817T044500Z,"US President Trump H - 1B visa crackdown is starting to drive tech talent back to India , China – Asia News Network",https://asianews.network/us-president-trumps-h-1b-visa-crackdown-is-starting-to-drive-tech-talent-back-to-india-china/,,English,Amazon,AMZN,unknown,0.9
20260817T040000Z,2 Best Nuclear Power Stocks Right Now | The Motley Fool,https://www.fool.com/investing/2026/08/16/2-best-nuclear-power-stocks-right-now/?source=iedfolrf0000001,,English,Amazon,AMZN,unknown,0.9
20260817T040000Z,How To Turn Your Camper Or RV Into A Slick Mobile Office,https://www.jalopnik.com/2236339/how-to-turn-camper-rv-mobile-office/,,English,Amazon,AMZN,unknown,0.9
20260817T034500Z,"Trump H - 1B crackdown is starting to drive tech talent back to India , China",https://www.thestar.com.my/aseanplus/aseanplus-news/2026/08/17/trumps-h-1b-crackdown-is-starting-to-drive-tech-talent-back-to-india-china,,English,Amazon,AMZN,unknown,0.9
20260817T030000Z,"First Alert Weather Day : Extreme heat continues Monday , storms possible",https://www.wbrc.com/2026/08/17/first-alert-weather-day-extreme-heat-continues-monday-storms-possible/,,English,Amazon,AMZN,unknown,0.9
20260817T023000Z,"Oprah washes her hands of Dr . Phil , Dr . Oz over their pro - Trump politics :  Not one thing to do with me  ",https://nypost.com/2026/08/16/media/oprah-washes-her-hands-of-dr-phil-dr-oz-over-their-pro-trump-politics-not-one-thing-to-do-with-me/,,English,Amazon,AMZN,unknown,0.9
20260817T010000Z,9 Gadgets And Tools Under $25 That Are Perfect For Camping,https://www.slashgear.com/2237559/gadgets-under-25-perfect-for-camping/,,English,Amazon,AMZN,unknown,0.9
20260816T220000Z,"Trump H - 1B crackdown is starting to drive tech talent back to India , China",https://www.chinatechnews.com/2026/08/17/127587-trumps-h-1b-crackdown-is-starting-to-drive-tech-talent-back-to-india-china,,English,Amazon,AMZN,unknown,0.9
20260816T190000Z,Bezos and Saverin join a consortium buying a minority stake in Liverpool,https://www.whec.com/ap-top-news/bezos-and-saverin-join-a-consortium-buying-a-minority-stake-in-liverpool/,,English,Amazon,AMZN,unknown,0.9
20260816T190000Z,Best mini underseat cabin bags that fit beneath an airline chair,https://www.aol.co.uk/articles/best-mini-underseat-cabin-bags-182929000.html,,English,Amazon,AMZN,unknown,0.9
20260816T183000Z,Plug Power Tested a Backup Power System With Microsoft . Here Why the CEO Says That Not a Real Pivot Yet . ,https://www.fool.com/investing/2026/08/16/plug-power-backup-power-system-microsoft-ceo/,,English,Amazon,AMZN,unknown,0.9
20260816T170000Z,First Alert Weather Day : Dangerous heat continues through Monday,https://www.wbrc.com/2026/08/16/first-alert-weather-day-dangerous-heat-continues-through-monday/,,English,Amazon,AMZN,unknown,0.9
20260816T160000Z,Expert says these 2 factors wake you up at 3 a . m . but this $0 hack is helping me sleep through the night,https://www.tomsguide.com/wellness/sleep/expert-says-these-2-factors-wake-you-up-at-3-a-m-but-this-usd0-hack-is-helping-me-sleep-through-the-night,,English,Amazon,AMZN,unknown,0.9
20260816T154500Z,DJI Mini 5 Pro Vs DJI Mini 3 : How Do These Drones Compare ? ,https://www.slashgear.com/2234374/dji-mini-5-pro-vs-mini-3-comparison/,,English,Amazon,AMZN,unknown,0.9
20260816T154500Z,5 Tech Brands That Are Owned By Anker,https://www.slashgear.com/2234390/tech-brands-anker-owns/,,English,Amazon,AMZN,unknown,0.9
20260816T153000Z,"How does African dust fertilize amazon soil ?: A dried lakebed in Africa Chad sends 27 . 7 million tonnes of dust across 5 , 000 km of Atlantic Ocean each year , carrying phosphorus that helps sustain the Amazon rainforest",https://economictimes.indiatimes.com/news/international/us/a-dried-lakebed-in-africas-chad-sends-27-7-million-tonnes-of-dust-across-5000-km-of-atlantic-ocean-each-year-carrying-phosphorus-that-helps-sustain-the-amazon-rainforest/articleshow/133275398.cms,,English,Amazon,AMZN,unknown,0.9
20260816T153000Z,The Odyssey : Amazon Desperate Fight to Avoid a Collective Agreement Continues – The Law of Work,https://lawofwork.ca/amazonodyssey/,,English,Amazon,AMZN,unknown,0.9
20260816T153000Z,  Small but mighty  dehumidifier helps banish mould and damp now cheaper than Amazon,https://www.nottinghampost.com/whats-on/shopping/small-mighty-dehumidifier-helps-banish-11110470,,English,Amazon,AMZN,unknown,0.9
20260816T140000Z,  Small but mighty  dehumidifier helps banish mould and damp now cheaper than Amazon,https://www.coventrytelegraph.net/whats-on/shopping/small-mighty-dehumidifier-helps-banish-34459285,,English,Amazon,AMZN,unknown,0.9
20260816T140000Z,  Small but mighty  dehumidifier helps banish mould and damp now cheaper than Amazon,https://www.somersetlive.co.uk/whats-on/shopping/small-mighty-dehumidifier-helps-banish-11110470,,English,Amazon,AMZN,unknown,0.9
20260816T134500Z,  Small but mighty  dehumidifier helps banish mould and damp now cheaper than Amazon,https://www.belfastlive.co.uk/whats-on/shopping/small-mighty-dehumidifier-helps-banish-34459285,,English,Amazon,AMZN,unknown,0.9
20260816T134500Z,  Small but mighty  dehumidifier helps banish mould and damp now cheaper than Amazon,https://www.birminghammail.co.uk/whats-on/shopping/small-mighty-dehumidifier-helps-banish-34459285,,English,Amazon,AMZN,unknown,0.9
20260816T131500Z,  Small but mighty  dehumidifier helps banish mould and damp now cheaper than Amazon,https://www.cambridge-news.co.uk/whats-on/shopping/small-mighty-dehumidifier-helps-banish-34459285,,English,Amazon,AMZN,unknown,0.9
20260816T131500Z,"Did You Miss It ? McKinney Recall , DFW Foot - Washing Reversal And Don Nelson Legacy",https://www.wbap.com/2026/08/16/did-you-miss-it-mckinney-recall-dfw-foot-washing-reversal-and-don-nelsons-legacy/,,English,Amazon,AMZN,unknown,0.9
20260816T131500Z,Life Is Strange Live - Action Adaptation Recreates Iconic Location In New Set Photos,https://screenrant.com/life-is-strange-adaptation-arcadia-bay-set-photos/,,English,Amazon,AMZN,unknown,0.9
20260816T131500Z,Plug Power Tested a Backup Power System With Microsoft . Here Why the CEO Says That Not a Real Pivot Yet . ,https://www.fool.com/investing/2026/08/16/plug-power-backup-power-system-microsoft-ceo/?source=iedfolrf0000001,,English,Amazon,AMZN,unknown,0.9
20260816T120000Z,Chipolo Loop Limited Edition review : object finder offers features Apple AirTag just cant match,https://www.irishmirror.ie/lifestyle/technology/chipolo-loop-limited-edition-review-37557252,,English,Amazon,AMZN,unknown,0.9
20260816T120000Z,  Small but mighty  dehumidifier helps banish mould and damp now cheaper than Amazon,https://www.leicestermercury.co.uk/whats-on/shopping/small-mighty-dehumidifier-helps-banish-11110470,,English,Amazon,AMZN,unknown,0.9
20260816T114500Z,  Small but mighty  dehumidifier helps banish mould and damp now cheaper than Amazon,https://www.derbytelegraph.co.uk/whats-on/shopping/small-mighty-dehumidifier-helps-banish-11110470,,English,Amazon,AMZN,unknown,0.9
20260816T114500Z,The hidden cost of data centers : inside the opposition,https://www.burlington-record.com/2026/08/11/hidden-cost-data-centers/,,English,Amazon,AMZN,unknown,0.9
20260816T103000Z,The ecosocialist alternative : An interview with Sabrina Fernandes,https://links.org.au/ecosocialist-alternative-interview-sabrina-fernandes,,English,Amazon,AMZN,unknown,0.9
20260816T061500Z,Space Coast launch schedule,https://www.orlandosentinel.com/2026/08/15/space-coast-launch-schedule/,,English,Amazon,AMZN,unknown,0.9
20260816T013000Z,California AG block of Paramount - Warner Bros . merger is ironically not wanted by mainstream Dems,https://nypost.com/2026/08/15/business/california-ags-block-of-paramount-warner-bros-merger-is-ironically-not-wanted-by-mainstream-dems/,,English,Amazon,AMZN,unknown,0.9
20260815T233000Z,Bougie Clothes That Are Actually Super Practical,https://www.elitedaily.com/shopping/bougie-clothes-that-are-actually-super-practical,,English,Amazon,AMZN,unknown,0.9
20260815T220000Z,First Alert Weather Day : Afternoon temperatures nearing 100°,https://www.wbrc.com/2026/08/15/first-alert-weather-day-afternoon-temperatures-nearing-100/,,English,Amazon,AMZN,unknown,0.9
20260815T220000Z,So much solar : Digging into the list of every us power plant that went online this year,https://www.dailykos.com/stories/2026/8/15/800084308/environment/so-much-solar-digging-into-the-list-of-every-us-power-plant-that-went-online-this-year/,,English,Amazon,AMZN,positive,0.9
20260815T174500Z,India 12 Inspiring Icons of 2026,http://www.australiannews.net/news/279243608/india-12-inspiring-icons-of-2026,,English,Amazon,AMZN,unknown,0.9
20260815T173000Z,First Alert Weather Day : Dangerous heat wave continues this weekend,https://www.wbrc.com/2026/08/15/first-alert-weather-day-dangerous-heat-wave-continues-this-weekend/,,English,Amazon,AMZN,unknown,0.9
20260815T173000Z,CEO who fired 900 workers on Zoom is fighting to take his job back,https://americanbazaaronline.com/2026/08/15/ceo-who-fired-900-workers-on-zoom-is-fighting-to-take-his-job-back-486466/,,English,Amazon,AMZN,unknown,0.9
20260815T173000Z,Are TP Link Solar Powered Cameras Reliable ? Here What Customers Say,https://www.bgr.com/2233451/are-tp-link-solar-power-cameras-reliable/,,English,Amazon,AMZN,positive,0.9
20260815T173000Z,Best Smart Home Devices of 2026 : Everyday Upgrades,https://www.cnet.com/home/smart-home/copy-of-best-smart-home-devices-of-2026-everyday-upgrades/,,English,Amazon,AMZN,unknown,0.9
20260815T163000Z,A view from another part of the western hemisphere . ,https://www.dailykos.com/stories/2026/8/15/800084602/community/a-view-from-another-part-of-the-western-hemisphere/,,English,Amazon,AMZN,unknown,0.9
20260815T160000Z,"Water , watts , and workers : 3 persistent myths about AI and data centers",https://www.theblaze.com/columns/opinion/water-watts-and-workers-3-persistent-myths-about-ai-and-data-centers,,English,Amazon,AMZN,unknown,0.9
20260815T143000Z,India 12 Inspiring Icons of 2026,http://www.indiagazette.com/news/279243608/india-12-inspiring-icons-of-2026,,English,Amazon,AMZN,unknown,0.9
20260815T140000Z,10 Things You Should Never Do In A Whole Foods Hot Bar Line,https://www.thedailymeal.com/2233043/things-never-do-whole-foods-hot-bar-line/,,English,Amazon,AMZN,unknown,0.9
20260815T140000Z,India 12 Inspiring Icons of 2026,http://www.bignewsnetwork.com/news/279243608/india-12-inspiring-icons-of-2026,,English,Amazon,AMZN,unknown,0.9
20260815T140000Z,India 12 Inspiring Icons of 2026,http://www.calcuttanews.net/news/279243608/india-12-inspiring-icons-of-2026,,English,Amazon,AMZN,unknown,0.9
20260815T134500Z,"  While Nigel Farage argued with a bin , Andy Burnham got to work improving people lives  ",https://www.mirror.co.uk/news/politics/nowak-farage-burnham-binface-scandal-37554001,,English,Amazon,AMZN,unknown,0.9
20260815T134500Z,India 12 Inspiring Icons of 2026,http://www.sydneysun.com/news/279243608/india-12-inspiring-icons-of-2026,,English,Amazon,AMZN,unknown,0.9
20260815T134500Z,India 12 Inspiring Icons of 2026,http://www.australianherald.com/news/279243608/india-12-inspiring-icons-of-2026,,English,Amazon,AMZN,unknown,0.9
